arm,seed,doc_id,gen_tokens,cap_hit
bf16,0,0,4028,0
bf16,0,1,4068,0
bf16,0,2,5200,0
bf16,0,3,14098,0
bf16,0,4,19732,0
bf16,0,5,14488,0
bf16,0,6,12589,0
bf16,0,7,8505,0
bf16,0,8,9135,0
bf16,0,9,1115,0
bf16,0,10,5393,0
bf16,0,11,8171,0
bf16,0,12,3270,0
bf16,0,13,5717,0
bf16,0,14,1200,0
bf16,0,15,10081,0
bf16,0,16,5135,0
bf16,0,17,7800,0
bf16,0,18,6701,0
bf16,0,19,4627,0
bf16,0,20,5705,0
bf16,0,21,3440,0
bf16,0,22,3738,0
bf16,0,23,3179,0
bf16,0,24,6776,0
bf16,0,25,6666,0
bf16,0,26,11698,0
bf16,0,27,4510,0
bf16,0,28,4703,0
bf16,0,29,2979,0
bf16,0,30,6558,0
bf16,0,31,2543,0
bf16,0,32,3366,0
bf16,0,33,3523,0
bf16,0,34,10013,0
bf16,0,35,6243,0
bf16,0,36,3596,0
bf16,0,37,8230,0
bf16,0,38,5789,0
bf16,0,39,5362,0
bf16,0,40,9473,0
bf16,0,41,13452,0
bf16,0,42,1011,0
bf16,0,43,2545,0
bf16,0,44,3604,0
bf16,0,45,6850,0
bf16,0,46,14111,0
bf16,0,47,13586,0
bf16,0,48,6858,0
bf16,0,49,4354,0
bf16,0,50,6451,0
bf16,0,51,9953,0
bf16,0,52,4025,0
bf16,0,53,3939,0
bf16,0,54,6633,0
bf16,0,55,6656,0
bf16,0,56,5788,0
bf16,0,57,4056,0
bf16,0,58,4671,0
bf16,0,59,639,0
bf16,0,60,8802,0
bf16,0,61,8801,0
bf16,0,62,10386,0
bf16,0,63,1838,0
bf16,0,64,6910,0
bf16,0,65,8162,0
bf16,0,66,8718,0
bf16,0,67,3038,0
bf16,0,68,4036,0
bf16,0,69,4931,0
bf16,0,70,10830,0
bf16,0,71,3608,0
bf16,0,72,6430,0
bf16,0,73,4184,0
bf16,0,74,8623,0
bf16,0,75,7846,0
bf16,0,76,1452,0
bf16,0,77,13437,0
bf16,0,78,7460,0
bf16,0,79,10291,0
bf16,0,80,14655,0
bf16,0,81,4749,0
bf16,0,82,5866,0
bf16,0,83,3161,0
bf16,0,84,1143,0
bf16,0,85,5806,0
bf16,0,86,1529,0
bf16,0,87,4407,0
bf16,0,88,7061,0
bf16,0,89,11845,0
bf16,0,90,3990,0
bf16,0,91,2961,0
bf16,0,92,16193,0
bf16,0,93,14301,0
bf16,0,94,5617,0
bf16,0,95,11444,0
bf16,0,96,18462,0
bf16,0,97,1167,0
bf16,0,98,3980,0
bf16,0,99,6267,0
bf16,0,100,13421,0
bf16,0,101,8211,0
bf16,0,102,2405,0
bf16,0,103,7341,0
bf16,0,104,6730,0
bf16,0,105,14147,0
bf16,0,106,2323,0
bf16,0,107,5546,0
bf16,0,108,7418,0
bf16,0,109,4920,0
bf16,0,110,6877,0
bf16,0,111,10771,0
bf16,0,112,4987,0
bf16,0,113,3465,0
bf16,0,114,11938,0
bf16,0,115,5844,0
bf16,0,116,2019,0
bf16,0,117,5333,0
bf16,0,118,14696,0
bf16,0,119,6024,0
bf16,0,120,1651,0
bf16,0,121,3836,0
bf16,0,122,4136,0
bf16,0,123,3773,0
bf16,0,124,8758,0
bf16,0,125,4259,0
bf16,0,126,8879,0
bf16,0,127,16278,0
bf16,0,128,2822,0
bf16,0,129,751,0
bf16,0,130,3034,0
bf16,0,131,10230,0
bf16,0,132,5046,0
bf16,0,133,6782,0
bf16,0,134,13782,0
bf16,0,135,1509,0
bf16,0,136,4849,0
bf16,0,137,13492,0
bf16,0,138,6488,0
bf16,0,139,5609,0
bf16,0,140,6072,0
bf16,0,141,15188,0
bf16,0,142,7711,0
bf16,0,143,3958,0
bf16,0,144,867,0
bf16,0,145,10739,0
bf16,0,146,12623,0
bf16,0,147,3685,0
bf16,0,148,2420,0
bf16,0,149,3345,0
bf16,0,150,6870,0
bf16,0,151,13018,0
bf16,0,152,9286,0
bf16,0,153,5645,0
bf16,0,154,13171,0
bf16,0,155,2020,0
bf16,0,156,5993,0
bf16,0,157,4260,0
bf16,0,158,8912,0
bf16,0,159,8207,0
bf16,0,160,3448,0
bf16,0,161,12100,0
bf16,0,162,13732,0
bf16,0,163,4713,0
bf16,0,164,2297,0
bf16,0,165,2991,0
bf16,0,166,1306,0
bf16,0,167,5633,0
bf16,0,168,14968,0
bf16,0,169,6769,0
bf16,0,170,4821,0
bf16,0,171,9214,0
bf16,0,172,5463,0
bf16,0,173,4097,0
bf16,0,174,3192,0
bf16,0,175,5192,0
bf16,0,176,10676,0
bf16,0,177,5374,0
bf16,0,178,11217,0
bf16,0,179,13154,0
bf16,0,180,8814,0
bf16,0,181,3062,0
bf16,0,182,913,0
bf16,0,183,967,0
bf16,0,184,16487,0
bf16,0,185,7088,0
bf16,0,186,4593,0
bf16,0,187,5415,0
bf16,0,188,2725,0
bf16,0,189,1108,0
bf16,0,190,6618,0
bf16,0,191,7271,0
bf16,0,192,13952,0
bf16,0,193,13039,0
bf16,0,194,21741,0
bf16,0,195,23372,0
bf16,0,196,6830,0
bf16,0,197,6715,0
bf16,0,198,3075,0
bf16,0,199,8331,0
bf16,0,200,7363,0
bf16,0,201,12639,0
bf16,0,202,5515,0
bf16,0,203,2503,0
bf16,0,204,6320,0
bf16,0,205,13863,0
bf16,0,206,18433,0
bf16,0,207,2380,0
bf16,0,208,7106,0
bf16,0,209,4203,0
bf16,0,210,9777,0
bf16,0,211,8941,0
bf16,0,212,5175,0
bf16,0,213,1091,0
bf16,0,214,8967,0
bf16,0,215,11094,0
bf16,0,216,8822,0
bf16,0,217,1347,0
bf16,0,218,1171,0
bf16,0,219,4506,0
bf16,0,220,7879,0
bf16,0,221,19178,0
bf16,0,222,1281,0
bf16,0,223,2747,0
bf16,0,224,17252,0
bf16,0,225,18349,0
bf16,0,226,12229,0
bf16,0,227,4698,0
bf16,0,228,2291,0
bf16,0,229,13089,0
bf16,0,230,8409,0
bf16,0,231,8677,0
bf16,0,232,10448,0
bf16,0,233,3389,0
bf16,0,234,8054,0
bf16,0,235,6219,0
bf16,0,236,8976,0
bf16,0,237,10712,0
bf16,0,238,1641,0
bf16,0,239,6307,0
bf16,0,240,2169,0
bf16,0,241,14463,0
bf16,0,242,9754,0
bf16,0,243,11797,0
bf16,0,244,6175,0
bf16,0,245,3303,0
bf16,0,246,6920,0
bf16,0,247,14638,0
bf16,0,248,16025,0
bf16,0,249,225,0
bf16,0,250,8134,0
bf16,0,251,9285,0
bf16,0,252,8339,0
bf16,0,253,21649,0
bf16,0,254,18680,0
bf16,0,255,5281,0
bf16,0,256,7648,0
bf16,0,257,10461,0
bf16,0,258,3667,0
bf16,0,259,4861,0
bf16,0,260,8389,0
bf16,0,261,16581,0
bf16,0,262,13903,0
bf16,0,263,32768,1
bf16,0,264,551,0
bf16,0,265,4584,0
bf16,0,266,11251,0
bf16,0,267,16395,0
bf16,0,268,17455,0
bf16,0,269,13933,0
bf16,0,270,4136,0
bf16,0,271,7432,0
bf16,0,272,5042,0
bf16,0,273,13597,0
bf16,0,274,12276,0
bf16,0,275,4653,0
bf16,0,276,13984,0
bf16,0,277,8762,0
bf16,0,278,10789,0
bf16,0,279,589,0
bf16,0,280,3245,0
bf16,0,281,10590,0
bf16,0,282,10442,0
bf16,0,283,7433,0
bf16,0,284,2077,0
bf16,0,285,6645,0
bf16,0,286,7977,0
bf16,0,287,4509,0
bf16,0,288,18912,0
bf16,0,289,3959,0
bf16,0,290,3736,0
bf16,0,291,6747,0
bf16,0,292,13188,0
bf16,0,293,6838,0
bf16,0,294,1926,0
bf16,0,295,3090,0
bf16,0,296,6430,0
bf16,0,297,21155,0
bf16,0,298,11735,0
bf16,0,299,4787,0
bf16,0,300,1540,0
bf16,0,301,15316,0
bf16,0,302,10718,0
bf16,0,303,9097,0
bf16,0,304,9686,0
bf16,0,305,1660,0
bf16,0,306,13604,0
bf16,0,307,6225,0
bf16,0,308,10872,0
bf16,0,309,10161,0
bf16,0,310,20484,0
bf16,0,311,1189,0
bf16,0,312,4705,0
bf16,0,313,6117,0
bf16,0,314,9831,0
bf16,0,315,9887,0
bf16,0,316,779,0
bf16,0,317,5824,0
bf16,0,318,2836,0
bf16,0,319,8087,0
bf16,0,320,12259,0
bf16,0,321,607,0
bf16,0,322,5756,0
bf16,0,323,9021,0
bf16,0,324,7355,0
bf16,0,325,11243,0
bf16,0,326,2181,0
bf16,0,327,2927,0
bf16,0,328,7322,0
bf16,0,329,5615,0
bf16,0,330,21151,0
bf16,0,331,12078,0
bf16,0,332,549,0
bf16,0,333,3081,0
bf16,0,334,7472,0
bf16,0,335,4932,0
bf16,0,336,9371,0
bf16,0,337,1748,0
bf16,0,338,5754,0
bf16,0,339,7155,0
bf16,0,340,17719,0
bf16,0,341,10952,0
bf16,0,342,1165,0
bf16,0,343,2155,0
bf16,0,344,6248,0
bf16,0,345,6888,0
bf16,0,346,2141,0
bf16,0,347,2646,0
bf16,0,348,18453,0
bf16,0,349,14391,0
bf16,0,350,23631,0
bf16,0,351,171,0
bf16,0,352,9696,0
bf16,0,353,17726,0
bf16,0,354,4604,0
bf16,0,355,11247,0
bf16,0,356,614,0
bf16,0,357,4244,0
bf16,0,358,10305,0
bf16,0,359,10188,0
bf16,0,360,589,0
bf16,0,361,2645,0
bf16,0,362,9212,0
bf16,0,363,21510,0
bf16,0,364,668,0
bf16,0,365,4447,0
bf16,0,366,6456,0
bf16,0,367,6375,0
bf16,0,368,7875,0
bf16,0,369,2765,0
bf16,0,370,3451,0
bf16,0,371,8295,0
bf16,0,372,18958,0
bf16,0,373,10446,0
bf16,0,374,13459,0
bf16,0,375,4192,0
bf16,0,376,7379,0
bf16,0,377,3883,0
bf16,0,378,14035,0
bf16,0,379,2285,0
bf16,0,380,1930,0
bf16,0,381,11396,0
bf16,0,382,10186,0
bf16,0,383,21688,0
bf16,0,384,2362,0
bf16,0,385,14123,0
bf16,0,386,13789,0
bf16,0,387,9101,0
bf16,0,388,16525,0
bf16,0,389,16450,0
bf16,0,390,4782,0
bf16,0,391,3668,0
bf16,0,392,7586,0
bf16,0,393,11127,0
bf16,0,394,23224,0
bf16,0,395,6732,0
bf16,0,396,3415,0
bf16,0,397,9197,0
bf16,0,398,5236,0
bf16,0,399,15425,0
bf16,0,400,5943,0
bf16,0,401,776,0
bf16,0,402,3542,0
bf16,0,403,5181,0
bf16,0,404,7929,0
bf16,0,405,12753,0
bf16,0,406,6193,0
bf16,0,407,26450,0
bf16,0,408,6926,0
bf16,0,409,15925,0
bf16,0,410,1047,0
bf16,0,411,4839,0
bf16,0,412,21705,0
bf16,0,413,2756,0
bf16,0,414,12161,0
bf16,0,415,1179,0
bf16,0,416,5241,0
bf16,0,417,3164,0
bf16,0,418,1864,0
bf16,0,419,15061,0
bf16,0,420,9877,0
bf16,0,421,7336,0
bf16,0,422,1111,0
bf16,0,423,6399,0
bf16,0,424,12888,0
bf16,0,425,14024,0
bf16,0,426,2733,0
bf16,0,427,14617,0
bf16,0,428,3797,0
bf16,0,429,7036,0
bf16,0,430,11048,0
bf16,0,431,2180,0
bf16,0,432,1692,0
bf16,0,433,13641,0
bf16,0,434,8158,0
bf16,0,435,5770,0
bf16,0,436,18860,0
bf16,0,437,11313,0
bf16,0,438,2400,0
bf16,0,439,6167,0
bf16,0,440,5029,0
bf16,0,441,7819,0
bf16,0,442,11070,0
bf16,0,443,6178,0
bf16,0,444,3307,0
bf16,0,445,10307,0
bf16,0,446,9763,0
bf16,0,447,1591,0
bf16,0,448,5987,0
bf16,0,449,7678,0
bf16,0,450,5081,0
bf16,0,451,15063,0
bf16,0,452,15980,0
bf16,0,453,2895,0
bf16,0,454,9246,0
bf16,0,455,1342,0
bf16,0,456,12477,0
bf16,0,457,1827,0
bf16,0,458,3829,0
bf16,0,459,8802,0
bf16,0,460,14336,0
bf16,0,461,3933,0
bf16,0,462,2682,0
bf16,0,463,6388,0
bf16,0,464,15444,0
bf16,0,465,3933,0
bf16,0,466,4398,0
bf16,0,467,6465,0
bf16,0,468,11774,0
bf16,0,469,1368,0
bf16,0,470,3270,0
bf16,0,471,8839,0
bf16,0,472,2945,0
bf16,0,473,8058,0
bf16,0,474,16461,0
bf16,0,475,8346,0
bf16,0,476,5952,0
bf16,0,477,6394,0
bf16,0,478,11639,0
bf16,0,479,1413,0
bf16,0,480,7391,0
bf16,0,481,10503,0
bf16,0,482,7507,0
bf16,0,483,3585,0
bf16,0,484,4330,0
bf16,0,485,11905,0
bf16,0,486,876,0
bf16,0,487,8338,0
bf16,0,488,1771,0
bf16,0,489,6176,0
bf16,0,490,14690,0
bf16,0,491,8054,0
bf16,0,492,3921,0
bf16,0,493,3874,0
bf16,0,494,7123,0
bf16,0,495,9349,0
bf16,0,496,5049,0
bf16,0,497,4080,0
bf16,0,498,14402,0
bf16,0,499,1312,0
bf16,0,500,6466,0
bf16,0,501,1066,0
bf16,0,502,6408,0
bf16,0,503,10865,0
bf16,0,504,1768,0
bf16,0,505,3591,0
bf16,0,506,16833,0
bf16,0,507,8126,0
bf16,0,508,18717,0
bf16,0,509,2005,0
bf16,0,510,2125,0
bf16,0,511,1250,0
bf16,0,512,8512,0
bf16,0,513,19713,0
bf16,0,514,4458,0
bf16,0,515,2767,0
bf16,0,516,7842,0
bf16,0,517,7915,0
bf16,0,518,6272,0
bf16,0,519,2466,0
bf16,0,520,17657,0
bf16,0,521,15714,0
bf16,0,522,3609,0
bf16,0,523,2987,0
bf16,0,524,6104,0
bf16,0,525,229,0
bf16,0,526,11816,0
bf16,0,527,2373,0
bf16,0,528,20819,0
bf16,0,529,980,0
bf16,0,530,11466,0
bf16,0,531,7831,0
bf16,0,532,5971,0
bf16,0,533,11508,0
bf16,0,534,364,0
bf16,0,535,12772,0
bf16,0,536,11408,0
bf16,0,537,2522,0
bf16,0,538,2010,0
bf16,0,539,17801,0
bf16,0,540,7979,0
bf16,0,541,5925,0
bf16,0,542,5690,0
bf16,0,543,16600,0
bf16,0,544,7832,0
bf16,0,545,1510,0
bf16,0,546,3233,0
bf16,0,547,2158,0
bf16,0,548,18176,0
bf16,0,549,7681,0
bf16,0,550,7995,0
bf16,0,551,18750,0
bf16,0,552,19250,0
bf16,0,553,2851,0
bf16,0,554,16318,0
bf16,0,555,31001,0
bf16,0,556,6877,0
bf16,0,557,17073,0
bf16,0,558,7095,0
bf16,0,559,2097,0
bf16,0,560,1214,0
bf16,0,561,8379,0
bf16,0,562,9999,0
bf16,0,563,7462,0
bf16,0,564,1823,0
bf16,0,565,3081,0
bf16,0,566,6889,0
bf16,0,567,4599,0
bf16,0,568,6802,0
bf16,0,569,8481,0
bf16,0,570,8111,0
bf16,0,571,8930,0
bf16,0,572,10421,0
bf16,0,573,2954,0
bf16,0,574,2776,0
bf16,0,575,8417,0
bf16,0,576,6697,0
bf16,0,577,8469,0
bf16,0,578,8915,0
bf16,0,579,2279,0
bf16,0,580,4416,0
bf16,0,581,15837,0
bf16,0,582,10708,0
bf16,0,583,4540,0
bf16,0,584,7991,0
bf16,0,585,6137,0
bf16,0,586,10029,0
bf16,0,587,16300,0
bf16,0,588,7604,0
bf16,0,589,3129,0
bf16,0,590,6565,0
bf16,0,591,8040,0
bf16,0,592,12334,0
bf16,0,593,5604,0
bf16,0,594,14140,0
bf16,0,595,1128,0
bf16,0,596,10591,0
bf16,0,597,3184,0
bf16,0,598,10249,0
bf16,0,599,8720,0
bf16,0,600,2500,0
bf16,0,601,9579,0
bf16,0,602,14197,0
bf16,0,603,3050,0
bf16,0,604,14394,0
bf16,0,605,6735,0
bf16,0,606,4592,0
bf16,0,607,14997,0
bf16,0,608,15700,0
bf16,0,609,2941,0
bf16,0,610,4128,0
bf16,0,611,15679,0
bf16,0,612,22458,0
bf16,0,613,9573,0
bf16,0,614,14815,0
bf16,0,615,8950,0
bf16,0,616,1618,0
bf16,0,617,1878,0
bf16,0,618,16580,0
bf16,0,619,17741,0
bf16,0,620,6603,0
bf16,0,621,4329,0
bf16,0,622,15473,0
bf16,0,623,5968,0
bf16,0,624,15520,0
bf16,0,625,6254,0
bf16,0,626,17527,0
bf16,0,627,1720,0
bf16,0,628,12970,0
bf16,0,629,9316,0
bf16,0,630,9759,0
bf16,0,631,10624,0
bf16,0,632,22942,0
bf16,0,633,8000,0
bf16,0,634,28333,0
bf16,0,635,9147,0
bf16,0,636,3585,0
bf16,0,637,8476,0
bf16,0,638,14581,0
bf16,0,639,1149,0
bf16,0,640,23620,0
bf16,0,641,12514,0
bf16,0,642,22463,0
bf16,0,643,9469,0
bf16,0,644,5038,0
bf16,0,645,20530,0
bf16,0,646,3273,0
bf16,0,647,4537,0
bf16,0,648,16189,0
bf16,0,649,22059,0
bf16,0,650,13041,0
bf16,0,651,6808,0
bf16,0,652,6866,0
bf16,0,653,7373,0
bf16,0,654,5153,0
bf16,0,655,19630,0
bf16,0,656,22697,0
bf16,0,657,21932,0
bf16,0,658,2422,0
bf16,0,659,1087,0
bf16,0,660,3371,0
bf16,0,661,20876,0
bf16,0,662,15447,0
bf16,0,663,1194,0
bf16,0,664,17402,0
bf16,0,665,19857,0
bf16,0,666,20459,0
bf16,0,667,24521,0
bf16,0,668,20184,0
bf16,0,669,17359,0
bf16,0,670,20279,0
bf16,0,671,22747,0
bf16,0,672,17860,0
bf16,0,673,18389,0
bf16,0,674,26443,0
bf16,0,675,14575,0
bf16,0,676,15648,0
bf16,0,677,6265,0
bf16,0,678,4868,0
bf16,0,679,10188,0
bf16,0,680,12596,0
bf16,0,681,1414,0
bf16,0,682,7729,0
bf16,0,683,3496,0
bf16,0,684,5276,0
bf16,0,685,9956,0
bf16,0,686,17818,0
bf16,0,687,2807,0
bf16,0,688,7214,0
bf16,0,689,18008,0
bf16,0,690,13285,0
bf16,0,691,10302,0
bf16,0,692,7732,0
bf16,0,693,5068,0
bf16,0,694,13299,0
bf16,0,695,2748,0
bf16,0,696,2016,0
bf16,0,697,14130,0
bf16,0,698,21276,0
bf16,0,699,8171,0
bf16,0,700,12388,0
bf16,0,701,12861,0
bf16,0,702,2595,0
bf16,0,703,8175,0
bf16,0,704,10413,0
bf16,0,705,4370,0
bf16,0,706,8777,0
bf16,0,707,4926,0
bf16,0,708,10950,0
bf16,0,709,2419,0
bf16,0,710,19807,0
bf16,0,711,13515,0
bf16,0,712,9206,0
bf16,0,713,7436,0
bf16,0,714,11011,0
bf16,0,715,3727,0
bf16,0,716,9749,0
bf16,0,717,19305,0
bf16,0,718,288,0
bf16,0,719,11111,0
bf16,0,720,14464,0
bf16,0,721,10393,0
bf16,0,722,13597,0
bf16,0,723,3552,0
bf16,0,724,15770,0
bf16,0,725,16804,0
bf16,0,726,16425,0
bf16,0,727,12497,0
bf16,0,728,11777,0
bf16,0,729,24396,0
bf16,0,730,2841,0
bf16,0,731,23178,0
bf16,0,732,24032,0
bf16,0,733,12652,0
bf16,0,734,7309,0
bf16,0,735,5845,0
bf16,0,736,2606,0
bf16,0,737,10630,0
bf16,0,738,27755,0
bf16,0,739,7583,0
bf16,0,740,7469,0
bf16,0,741,11380,0
bf16,0,742,10205,0
bf16,0,743,3995,0
bf16,0,744,17882,0
bf16,0,745,23117,0
bf16,0,746,2504,0
bf16,0,747,2326,0
bf16,0,748,4172,0
bf16,0,749,10500,0
bf16,0,750,15850,0
bf16,0,751,15477,0
bf16,0,752,18550,0
bf16,0,753,15879,0
bf16,0,754,3344,0
bf16,0,755,20200,0
bf16,0,756,13579,0
bf16,0,757,14480,0
bf16,0,758,17916,0
bf16,0,759,2018,0
bf16,0,760,18586,0
bf16,0,761,3677,0
bf16,0,762,3767,0
bf16,0,763,18524,0
bf16,0,764,5296,0
bf16,0,765,8201,0
bf16,0,766,17398,0
bf16,0,767,14757,0
bf16,0,768,2083,0
bf16,0,769,4481,0
bf16,0,770,20578,0
bf16,0,771,20333,0
bf16,0,772,8900,0
bf16,0,773,7734,0
bf16,0,774,2495,0
bf16,0,775,16602,0
bf16,0,776,4773,0
bf16,0,777,13025,0
bf16,0,778,2195,0
bf16,0,779,20268,0
bf16,0,780,8791,0
bf16,0,781,2782,0
bf16,0,782,21973,0
bf16,0,783,19255,0
bf16,0,784,6889,0
bf16,0,785,32768,1
bf16,0,786,4512,0
bf16,0,787,9722,0
bf16,0,788,11585,0
bf16,0,789,19100,0
bf16,0,790,6520,0
bf16,0,791,14604,0
bf16,0,792,5939,0
bf16,0,793,18461,0
bf16,0,794,15682,0
bf16,0,795,5695,0
bf16,0,796,17564,0
bf16,0,797,23613,0
bf16,0,798,21168,0
bf16,0,799,18006,0
bf16,0,800,14412,0
bf16,0,801,12556,0
bf16,0,802,23294,0
bf16,0,803,19220,0
bf16,0,804,17852,0
bf16,0,805,19852,0
bf16,0,806,21655,0
bf16,0,807,18861,0
bf16,0,808,19287,0
bf16,0,809,24611,0
bf16,0,810,25655,0
bf16,0,811,14361,0
bf16,0,812,26422,0
bf16,0,813,20554,0
bf16,0,814,16444,0
bf16,0,815,29974,0
bf16,0,816,22192,0
bf16,0,817,21906,0
bf16,0,818,5652,0
bf16,0,819,10949,0
bf16,0,820,17439,0
bf16,0,821,5482,0
bf16,0,822,11061,0
bf16,0,823,15053,0
bf16,0,824,5857,0
bf16,0,825,5941,0
bf16,0,826,17494,0
bf16,0,827,1376,0
bf16,0,828,7744,0
bf16,0,829,11497,0
bf16,0,830,2098,0
bf16,0,831,11448,0
bf16,0,832,13089,0
bf16,0,833,6820,0
bf16,0,834,7457,0
bf16,0,835,13854,0
bf16,0,836,4490,0
bf16,0,837,10256,0
bf16,0,838,13375,0
bf16,0,839,9775,0
bf16,0,840,13939,0
bf16,0,841,8528,0
bf16,0,842,7423,0
bf16,0,843,6859,0
bf16,0,844,3170,0
bf16,0,845,12534,0
bf16,0,846,5610,0
bf16,0,847,9885,0
bf16,0,848,16538,0
bf16,0,849,13620,0
bf16,0,850,2735,0
bf16,0,851,9489,0
bf16,0,852,3578,0
bf16,0,853,6851,0
bf16,0,854,10948,0
bf16,0,855,9100,0
bf16,0,856,6759,0
bf16,0,857,12919,0
bf16,0,858,12890,0
bf16,0,859,9867,0
bf16,0,860,17274,0
bf16,0,861,17680,0
bf16,0,862,11172,0
bf16,0,863,4031,0
bf16,0,864,5746,0
bf16,0,865,16135,0
bf16,0,866,12727,0
bf16,0,867,17897,0
bf16,0,868,10521,0
bf16,0,869,1464,0
bf16,0,870,7365,0
bf16,0,871,14991,0
bf16,0,872,17706,0
bf16,0,873,7375,0
bf16,0,874,7119,0
bf16,0,875,13497,0
bf16,0,876,12773,0
bf16,0,877,8217,0
bf16,0,878,10700,0
bf16,0,879,12272,0
bf16,0,880,2548,0
bf16,0,881,24686,0
bf16,0,882,398,0
bf16,0,883,21221,0
bf16,0,884,21887,0
bf16,0,885,2118,0
bf16,0,886,22007,0
bf16,0,887,8999,0
bf16,0,888,332,0
bf16,0,889,25669,0
bf16,0,890,8952,0
bf16,0,891,14829,0
bf16,0,892,5336,0
bf16,0,893,540,0
bf16,0,894,25177,0
bf16,0,895,16154,0
bf16,0,896,17555,0
bf16,0,897,17377,0
bf16,0,898,18984,0
bf16,0,899,5812,0
bf16,0,900,3915,0
bf16,0,901,12005,0
bf16,0,902,24348,0
bf16,0,903,14081,0
bf16,0,904,24598,0
bf16,0,905,12021,0
bf16,0,906,675,0
bf16,0,907,14932,0
bf16,0,908,24267,0
bf16,0,909,2218,0
bf16,0,910,2088,0
bf16,0,911,13445,0
bf16,0,912,6270,0
bf16,0,913,11727,0
bf16,0,914,24238,0
bf16,0,915,6135,0
bf16,0,916,1832,0
bf16,0,917,14226,0
bf16,0,918,10969,0
bf16,0,919,10394,0
bf16,0,920,4094,0
bf16,0,921,19710,0
bf16,0,922,629,0
bf16,0,923,19376,0
bf16,0,924,1538,0
bf16,0,925,13456,0
bf16,0,926,8987,0
bf16,0,927,14563,0
bf16,0,928,4313,0
bf16,0,929,14431,0
bf16,0,930,7659,0
bf16,0,931,1776,0
bf16,0,932,11195,0
bf16,0,933,15013,0
bf16,0,934,11253,0
bf16,0,935,20751,0
bf16,0,936,2497,0
bf16,0,937,15521,0
bf16,0,938,6609,0
bf16,0,939,2600,0
bf16,0,940,10523,0
bf16,0,941,27273,0
bf16,0,942,8156,0
bf16,0,943,19814,0
bf16,0,944,18749,0
bf16,0,945,720,0
bf16,0,946,6623,0
bf16,0,947,16122,0
bf16,0,948,3646,0
bf16,0,949,13180,0
bf16,0,950,7235,0
bf16,0,951,3439,0
bf16,0,952,16662,0
bf16,0,953,17312,0
bf16,0,954,20579,0
bf16,0,955,5091,0
bf16,0,956,6027,0
bf16,0,957,17234,0
bf16,0,958,5282,0
bf16,0,959,11771,0
bf16,0,960,22633,0
bf16,0,961,994,0
bf16,0,962,5289,0
bf16,0,963,8984,0
bf16,0,964,19117,0
bf16,0,965,18618,0
bf16,0,966,27467,0
bf16,0,967,20193,0
bf16,0,968,13530,0
bf16,0,969,22540,0
bf16,0,970,25413,0
bf16,0,971,32768,1
bf16,0,972,14616,0
bf16,0,973,20009,0
bf16,0,974,17565,0
bf16,0,975,19243,0
bf16,0,976,18351,0
bf16,0,977,21921,0
bf16,0,978,11199,0
bf16,0,979,25309,0
bf16,0,980,17620,0
bf16,0,981,20076,0
bf16,0,982,20005,0
bf16,0,983,23902,0
bf16,0,984,23604,0
bf16,0,985,18728,0
bf16,0,986,17326,0
bf16,0,987,12213,0
bf16,0,988,22047,0
bf16,0,989,16781,0
bf16,0,990,18317,0
bf16,0,991,20284,0
bf16,0,992,5008,0
bf16,0,993,17719,0
bf16,0,994,15653,0
bf16,0,995,13667,0
bf16,0,996,2093,0
bf16,0,997,9030,0
bf16,0,998,23457,0
bf16,0,999,12247,0
bf16,0,1000,5344,0
bf16,0,1001,10372,0
bf16,0,1002,12343,0
bf16,0,1003,4080,0
bf16,0,1004,15226,0
bf16,0,1005,10502,0
bf16,0,1006,7263,0
bf16,0,1007,5954,0
bf16,0,1008,18990,0
bf16,0,1009,15653,0
bf16,0,1010,5189,0
bf16,0,1011,7741,0
bf16,0,1012,10489,0
bf16,0,1013,13937,0
bf16,0,1014,3498,0
bf16,0,1015,8498,0
bf16,0,1016,10257,0
bf16,0,1017,5275,0
bf16,0,1018,10855,0
bf16,0,1019,17285,0
bf16,0,1020,12910,0
bf16,0,1021,10151,0
bf16,0,1022,12573,0
bf16,0,1023,12382,0
bf16,0,1024,15141,0
bf16,0,1025,11098,0
bf16,0,1026,11876,0
bf16,0,1027,10132,0
bf16,0,1028,2010,0
bf16,0,1029,4620,0
bf16,0,1030,13795,0
bf16,0,1031,8358,0
bf16,0,1032,14284,0
bf16,0,1033,8068,0
bf16,0,1034,13730,0
bf16,0,1035,5249,0
bf16,0,1036,16677,0
bf16,0,1037,1150,0
bf16,0,1038,14270,0
bf16,0,1039,10660,0
bf16,0,1040,4630,0
bf16,0,1041,17908,0
bf16,0,1042,10683,0
bf16,0,1043,4320,0
bf16,0,1044,10835,0
bf16,0,1045,15049,0
bf16,0,1046,2636,0
bf16,0,1047,5902,0
bf16,0,1048,16991,0
bf16,0,1049,15509,0
bf16,0,1050,5174,0
bf16,0,1051,16004,0
bf16,0,1052,1179,0
bf16,0,1053,14242,0
bf16,0,1054,18424,0
bf16,1,0,4373,0
bf16,1,1,4750,0
bf16,1,2,6811,0
bf16,1,3,17997,0
bf16,1,4,12836,0
bf16,1,5,14152,0
bf16,1,6,10875,0
bf16,1,7,13634,0
bf16,1,8,6779,0
bf16,1,9,1063,0
bf16,1,10,5013,0
bf16,1,11,5401,0
bf16,1,12,2975,0
bf16,1,13,4756,0
bf16,1,14,1483,0
bf16,1,15,8977,0
bf16,1,16,4182,0
bf16,1,17,6486,0
bf16,1,18,6666,0
bf16,1,19,5813,0
bf16,1,20,3390,0
bf16,1,21,3855,0
bf16,1,22,3490,0
bf16,1,23,1882,0
bf16,1,24,6875,0
bf16,1,25,6572,0
bf16,1,26,10126,0
bf16,1,27,4762,0
bf16,1,28,2986,0
bf16,1,29,4669,0
bf16,1,30,6546,0
bf16,1,31,3297,0
bf16,1,32,5501,0
bf16,1,33,6992,0
bf16,1,34,8651,0
bf16,1,35,6761,0
bf16,1,36,2970,0
bf16,1,37,6156,0
bf16,1,38,8392,0
bf16,1,39,3942,0
bf16,1,40,7856,0
bf16,1,41,12407,0
bf16,1,42,1097,0
bf16,1,43,3174,0
bf16,1,44,2846,0
bf16,1,45,5908,0
bf16,1,46,8589,0
bf16,1,47,16690,0
bf16,1,48,7286,0
bf16,1,49,5545,0
bf16,1,50,5433,0
bf16,1,51,4010,0
bf16,1,52,4528,0
bf16,1,53,4223,0
bf16,1,54,7509,0
bf16,1,55,5551,0
bf16,1,56,5609,0
bf16,1,57,4650,0
bf16,1,58,4122,0
bf16,1,59,603,0
bf16,1,60,6187,0
bf16,1,61,6537,0
bf16,1,62,10024,0
bf16,1,63,2992,0
bf16,1,64,5792,0
bf16,1,65,7250,0
bf16,1,66,7980,0
bf16,1,67,3235,0
bf16,1,68,4477,0
bf16,1,69,5066,0
bf16,1,70,18580,0
bf16,1,71,3233,0
bf16,1,72,5738,0
bf16,1,73,1769,0
bf16,1,74,7810,0
bf16,1,75,7106,0
bf16,1,76,950,0
bf16,1,77,9582,0
bf16,1,78,10447,0
bf16,1,79,13139,0
bf16,1,80,10954,0
bf16,1,81,5123,0
bf16,1,82,6155,0
bf16,1,83,3030,0
bf16,1,84,989,0
bf16,1,85,7843,0
bf16,1,86,1463,0
bf16,1,87,4379,0
bf16,1,88,15198,0
bf16,1,89,12428,0
bf16,1,90,4918,0
bf16,1,91,5544,0
bf16,1,92,16528,0
bf16,1,93,11139,0
bf16,1,94,5832,0
bf16,1,95,14197,0
bf16,1,96,12182,0
bf16,1,97,2481,0
bf16,1,98,5669,0
bf16,1,99,7775,0
bf16,1,100,9860,0
bf16,1,101,8429,0
bf16,1,102,2652,0
bf16,1,103,10288,0
bf16,1,104,8407,0
bf16,1,105,9926,0
bf16,1,106,2997,0
bf16,1,107,5696,0
bf16,1,108,9012,0
bf16,1,109,5166,0
bf16,1,110,8983,0
bf16,1,111,13268,0
bf16,1,112,6905,0
bf16,1,113,2919,0
bf16,1,114,15519,0
bf16,1,115,6998,0
bf16,1,116,2177,0
bf16,1,117,4964,0
bf16,1,118,13269,0
bf16,1,119,6488,0
bf16,1,120,1636,0
bf16,1,121,4640,0
bf16,1,122,3259,0
bf16,1,123,2127,0
bf16,1,124,12173,0
bf16,1,125,5702,0
bf16,1,126,9726,0
bf16,1,127,15678,0
bf16,1,128,3052,0
bf16,1,129,691,0
bf16,1,130,3470,0
bf16,1,131,8433,0
bf16,1,132,5378,0
bf16,1,133,6913,0
bf16,1,134,17590,0
bf16,1,135,1216,0
bf16,1,136,4765,0
bf16,1,137,7640,0
bf16,1,138,5660,0
bf16,1,139,6042,0
bf16,1,140,6511,0
bf16,1,141,15887,0
bf16,1,142,6633,0
bf16,1,143,4376,0
bf16,1,144,853,0
bf16,1,145,13003,0
bf16,1,146,13591,0
bf16,1,147,7596,0
bf16,1,148,1518,0
bf16,1,149,4192,0
bf16,1,150,6552,0
bf16,1,151,10936,0
bf16,1,152,7835,0
bf16,1,153,6233,0
bf16,1,154,11302,0
bf16,1,155,1953,0
bf16,1,156,7348,0
bf16,1,157,3536,0
bf16,1,158,7252,0
bf16,1,159,10048,0
bf16,1,160,2654,0
bf16,1,161,10333,0
bf16,1,162,16087,0
bf16,1,163,4773,0
bf16,1,164,2348,0
bf16,1,165,3971,0
bf16,1,166,1156,0
bf16,1,167,6952,0
bf16,1,168,16056,0
bf16,1,169,7179,0
bf16,1,170,5885,0
bf16,1,171,8299,0
bf16,1,172,5616,0
bf16,1,173,3960,0
bf16,1,174,3302,0
bf16,1,175,5034,0
bf16,1,176,11809,0
bf16,1,177,5488,0
bf16,1,178,12061,0
bf16,1,179,13782,0
bf16,1,180,11980,0
bf16,1,181,2615,0
bf16,1,182,861,0
bf16,1,183,1079,0
bf16,1,184,8624,0
bf16,1,185,5686,0
bf16,1,186,4753,0
bf16,1,187,4262,0
bf16,1,188,2978,0
bf16,1,189,2794,0
bf16,1,190,3417,0
bf16,1,191,8078,0
bf16,1,192,13022,0
bf16,1,193,23006,0
bf16,1,194,15774,0
bf16,1,195,24160,0
bf16,1,196,6107,0
bf16,1,197,5166,0
bf16,1,198,2891,0
bf16,1,199,6585,0
bf16,1,200,8645,0
bf16,1,201,11054,0
bf16,1,202,5100,0
bf16,1,203,2812,0
bf16,1,204,6093,0
bf16,1,205,9877,0
bf16,1,206,16109,0
bf16,1,207,2451,0
bf16,1,208,7249,0
bf16,1,209,4062,0
bf16,1,210,6449,0
bf16,1,211,9591,0
bf16,1,212,6422,0
bf16,1,213,1055,0
bf16,1,214,8872,0
bf16,1,215,12905,0
bf16,1,216,8307,0
bf16,1,217,4020,0
bf16,1,218,4001,0
bf16,1,219,3155,0
bf16,1,220,10400,0
bf16,1,221,16001,0
bf16,1,222,913,0
bf16,1,223,4405,0
bf16,1,224,17947,0
bf16,1,225,24365,0
bf16,1,226,6222,0
bf16,1,227,6206,0
bf16,1,228,2496,0
bf16,1,229,9731,0
bf16,1,230,6582,0
bf16,1,231,11496,0
bf16,1,232,9454,0
bf16,1,233,1998,0
bf16,1,234,11683,0
bf16,1,235,10800,0
bf16,1,236,8339,0
bf16,1,237,15557,0
bf16,1,238,1159,0
bf16,1,239,7933,0
bf16,1,240,3725,0
bf16,1,241,20809,0
bf16,1,242,14332,0
bf16,1,243,12809,0
bf16,1,244,2019,0
bf16,1,245,4631,0
bf16,1,246,9725,0
bf16,1,247,20904,0
bf16,1,248,12835,0
bf16,1,249,217,0
bf16,1,250,9058,0
bf16,1,251,10242,0
bf16,1,252,7436,0
bf16,1,253,24162,0
bf16,1,254,14594,0
bf16,1,255,4911,0
bf16,1,256,5958,0
bf16,1,257,9658,0
bf16,1,258,3720,0
bf16,1,259,4789,0
bf16,1,260,5824,0
bf16,1,261,14541,0
bf16,1,262,12384,0
bf16,1,263,21948,0
bf16,1,264,1993,0
bf16,1,265,3167,0
bf16,1,266,12617,0
bf16,1,267,18666,0
bf16,1,268,23108,0
bf16,1,269,14389,0
bf16,1,270,6276,0
bf16,1,271,11783,0
bf16,1,272,5182,0
bf16,1,273,11897,0
bf16,1,274,5964,0
bf16,1,275,5547,0
bf16,1,276,12942,0
bf16,1,277,7198,0
bf16,1,278,15112,0
bf16,1,279,591,0
bf16,1,280,4508,0
bf16,1,281,10662,0
bf16,1,282,5787,0
bf16,1,283,9357,0
bf16,1,284,1741,0
bf16,1,285,6270,0
bf16,1,286,8755,0
bf16,1,287,3855,0
bf16,1,288,19135,0
bf16,1,289,3536,0
bf16,1,290,1415,0
bf16,1,291,5071,0
bf16,1,292,13507,0
bf16,1,293,7672,0
bf16,1,294,4672,0
bf16,1,295,5288,0
bf16,1,296,5403,0
bf16,1,297,15716,0
bf16,1,298,11820,0
bf16,1,299,4550,0
bf16,1,300,2810,0
bf16,1,301,17470,0
bf16,1,302,13009,0
bf16,1,303,9272,0
bf16,1,304,5841,0
bf16,1,305,583,0
bf16,1,306,7819,0
bf16,1,307,4460,0
bf16,1,308,8355,0
bf16,1,309,10704,0
bf16,1,310,24026,0
bf16,1,311,1142,0
bf16,1,312,6082,0
bf16,1,313,6674,0
bf16,1,314,14516,0
bf16,1,315,7455,0
bf16,1,316,4189,0
bf16,1,317,6951,0
bf16,1,318,3149,0
bf16,1,319,6170,0
bf16,1,320,18480,0
bf16,1,321,814,0
bf16,1,322,6690,0
bf16,1,323,12438,0
bf16,1,324,11611,0
bf16,1,325,7184,0
bf16,1,326,2346,0
bf16,1,327,6089,0
bf16,1,328,7351,0
bf16,1,329,6521,0
bf16,1,330,21484,0
bf16,1,331,10797,0
bf16,1,332,554,0
bf16,1,333,2843,0
bf16,1,334,7812,0
bf16,1,335,5865,0
bf16,1,336,10671,0
bf16,1,337,1706,0
bf16,1,338,3695,0
bf16,1,339,4400,0
bf16,1,340,26596,0
bf16,1,341,10884,0
bf16,1,342,1177,0
bf16,1,343,1909,0
bf16,1,344,5488,0
bf16,1,345,9894,0
bf16,1,346,1050,0
bf16,1,347,4264,0
bf16,1,348,10678,0
bf16,1,349,16484,0
bf16,1,350,23178,0
bf16,1,351,317,0
bf16,1,352,8112,0
bf16,1,353,27585,0
bf16,1,354,4675,0
bf16,1,355,10719,0
bf16,1,356,928,0
bf16,1,357,1866,0
bf16,1,358,11560,0
bf16,1,359,6652,0
bf16,1,360,3546,0
bf16,1,361,1596,0
bf16,1,362,5903,0
bf16,1,363,21879,0
bf16,1,364,828,0
bf16,1,365,7563,0
bf16,1,366,5338,0
bf16,1,367,8195,0
bf16,1,368,9711,0
bf16,1,369,2961,0
bf16,1,370,3441,0
bf16,1,371,11572,0
bf16,1,372,21537,0
bf16,1,373,13385,0
bf16,1,374,9793,0
bf16,1,375,1636,0
bf16,1,376,14776,0
bf16,1,377,4257,0
bf16,1,378,13510,0
bf16,1,379,5810,0
bf16,1,380,2309,0
bf16,1,381,6466,0
bf16,1,382,8090,0
bf16,1,383,19722,0
bf16,1,384,4568,0
bf16,1,385,13251,0
bf16,1,386,10959,0
bf16,1,387,7371,0
bf16,1,388,18776,0
bf16,1,389,17372,0
bf16,1,390,6063,0
bf16,1,391,3250,0
bf16,1,392,9308,0
bf16,1,393,11556,0
bf16,1,394,16548,0
bf16,1,395,7030,0
bf16,1,396,3528,0
bf16,1,397,11575,0
bf16,1,398,6320,0
bf16,1,399,19328,0
bf16,1,400,6695,0
bf16,1,401,1747,0
bf16,1,402,5152,0
bf16,1,403,3762,0
bf16,1,404,7956,0
bf16,1,405,10345,0
bf16,1,406,7165,0
bf16,1,407,25799,0
bf16,1,408,6149,0
bf16,1,409,16023,0
bf16,1,410,726,0
bf16,1,411,5152,0
bf16,1,412,26499,0
bf16,1,413,1790,0
bf16,1,414,8391,0
bf16,1,415,1184,0
bf16,1,416,4452,0
bf16,1,417,2098,0
bf16,1,418,1087,0
bf16,1,419,12549,0
bf16,1,420,10026,0
bf16,1,421,2912,0
bf16,1,422,1674,0
bf16,1,423,3673,0
bf16,1,424,19340,0
bf16,1,425,12195,0
bf16,1,426,2460,0
bf16,1,427,13678,0
bf16,1,428,3468,0
bf16,1,429,9310,0
bf16,1,430,9182,0
bf16,1,431,2343,0
bf16,1,432,1127,0
bf16,1,433,8788,0
bf16,1,434,5889,0
bf16,1,435,4849,0
bf16,1,436,17327,0
bf16,1,437,12906,0
bf16,1,438,4048,0
bf16,1,439,4350,0
bf16,1,440,6294,0
bf16,1,441,10933,0
bf16,1,442,7264,0
bf16,1,443,5915,0
bf16,1,444,1153,0
bf16,1,445,8268,0
bf16,1,446,6279,0
bf16,1,447,1917,0
bf16,1,448,5862,0
bf16,1,449,7527,0
bf16,1,450,7956,0
bf16,1,451,20645,0
bf16,1,452,20167,0
bf16,1,453,1763,0
bf16,1,454,10383,0
bf16,1,455,2010,0
bf16,1,456,14065,0
bf16,1,457,1560,0
bf16,1,458,4750,0
bf16,1,459,8749,0
bf16,1,460,13660,0
bf16,1,461,2809,0
bf16,1,462,1963,0
bf16,1,463,6950,0
bf16,1,464,14099,0
bf16,1,465,3400,0
bf16,1,466,5091,0
bf16,1,467,6255,0
bf16,1,468,11813,0
bf16,1,469,1075,0
bf16,1,470,5420,0
bf16,1,471,10065,0
bf16,1,472,3208,0
bf16,1,473,7356,0
bf16,1,474,12257,0
bf16,1,475,8950,0
bf16,1,476,2544,0
bf16,1,477,9264,0
bf16,1,478,9225,0
bf16,1,479,1266,0
bf16,1,480,6796,0
bf16,1,481,11702,0
bf16,1,482,7247,0
bf16,1,483,2690,0
bf16,1,484,4183,0
bf16,1,485,13898,0
bf16,1,486,776,0
bf16,1,487,7053,0
bf16,1,488,2308,0
bf16,1,489,4955,0
bf16,1,490,20299,0
bf16,1,491,5849,0
bf16,1,492,3226,0
bf16,1,493,3088,0
bf16,1,494,6330,0
bf16,1,495,7369,0
bf16,1,496,4368,0
bf16,1,497,4178,0
bf16,1,498,12406,0
bf16,1,499,2075,0
bf16,1,500,3673,0
bf16,1,501,924,0
bf16,1,502,5442,0
bf16,1,503,8197,0
bf16,1,504,2150,0
bf16,1,505,2796,0
bf16,1,506,11274,0
bf16,1,507,7485,0
bf16,1,508,12297,0
bf16,1,509,1961,0
bf16,1,510,1834,0
bf16,1,511,1919,0
bf16,1,512,8695,0
bf16,1,513,11934,0
bf16,1,514,4784,0
bf16,1,515,3737,0
bf16,1,516,13298,0
bf16,1,517,11749,0
bf16,1,518,10436,0
bf16,1,519,2779,0
bf16,1,520,12028,0
bf16,1,521,9680,0
bf16,1,522,5967,0
bf16,1,523,4300,0
bf16,1,524,8069,0
bf16,1,525,308,0
bf16,1,526,16137,0
bf16,1,527,2343,0
bf16,1,528,16885,0
bf16,1,529,871,0
bf16,1,530,9874,0
bf16,1,531,9175,0
bf16,1,532,4817,0
bf16,1,533,15292,0
bf16,1,534,660,0
bf16,1,535,9772,0
bf16,1,536,12826,0
bf16,1,537,1615,0
bf16,1,538,1338,0
bf16,1,539,18986,0
bf16,1,540,7069,0
bf16,1,541,6147,0
bf16,1,542,6638,0
bf16,1,543,12855,0
bf16,1,544,11462,0
bf16,1,545,2375,0
bf16,1,546,1946,0
bf16,1,547,2037,0
bf16,1,548,18555,0
bf16,1,549,3852,0
bf16,1,550,10067,0
bf16,1,551,16891,0
bf16,1,552,14702,0
bf16,1,553,1913,0
bf16,1,554,20244,0
bf16,1,555,25348,0
bf16,1,556,8985,0
bf16,1,557,30801,0
bf16,1,558,7222,0
bf16,1,559,1472,0
bf16,1,560,1365,0
bf16,1,561,7970,0
bf16,1,562,14966,0
bf16,1,563,8474,0
bf16,1,564,2729,0
bf16,1,565,4857,0
bf16,1,566,12278,0
bf16,1,567,4625,0
bf16,1,568,6977,0
bf16,1,569,9562,0
bf16,1,570,4167,0
bf16,1,571,9531,0
bf16,1,572,9307,0
bf16,1,573,2801,0
bf16,1,574,2682,0
bf16,1,575,11900,0
bf16,1,576,5618,0
bf16,1,577,6820,0
bf16,1,578,7997,0
bf16,1,579,2227,0
bf16,1,580,4495,0
bf16,1,581,11007,0
bf16,1,582,16382,0
bf16,1,583,4771,0
bf16,1,584,8829,0
bf16,1,585,5156,0
bf16,1,586,10395,0
bf16,1,587,16228,0
bf16,1,588,9469,0
bf16,1,589,3204,0
bf16,1,590,6818,0
bf16,1,591,13246,0
bf16,1,592,14928,0
bf16,1,593,10096,0
bf16,1,594,10367,0
bf16,1,595,902,0
bf16,1,596,8145,0
bf16,1,597,3571,0
bf16,1,598,10238,0
bf16,1,599,9182,0
bf16,1,600,4488,0
bf16,1,601,18613,0
bf16,1,602,14555,0
bf16,1,603,3269,0
bf16,1,604,22601,0
bf16,1,605,4853,0
bf16,1,606,3273,0
bf16,1,607,9168,0
bf16,1,608,13809,0
bf16,1,609,3779,0
bf16,1,610,4018,0
bf16,1,611,23395,0
bf16,1,612,17572,0
bf16,1,613,9273,0
bf16,1,614,12713,0
bf16,1,615,7296,0
bf16,1,616,3881,0
bf16,1,617,3364,0
bf16,1,618,23947,0
bf16,1,619,20022,0
bf16,1,620,12198,0
bf16,1,621,6066,0
bf16,1,622,12688,0
bf16,1,623,7453,0
bf16,1,624,17731,0
bf16,1,625,11476,0
bf16,1,626,15418,0
bf16,1,627,3131,0
bf16,1,628,6740,0
bf16,1,629,10659,0
bf16,1,630,14072,0
bf16,1,631,11047,0
bf16,1,632,21790,0
bf16,1,633,9307,0
bf16,1,634,29030,0
bf16,1,635,5823,0
bf16,1,636,4250,0
bf16,1,637,7398,0
bf16,1,638,14234,0
bf16,1,639,1530,0
bf16,1,640,12267,0
bf16,1,641,7671,0
bf16,1,642,18514,0
bf16,1,643,10565,0
bf16,1,644,3265,0
bf16,1,645,21252,0
bf16,1,646,1966,0
bf16,1,647,3925,0
bf16,1,648,20719,0
bf16,1,649,17749,0
bf16,1,650,15724,0
bf16,1,651,6521,0
bf16,1,652,6717,0
bf16,1,653,10807,0
bf16,1,654,6982,0
bf16,1,655,9978,0
bf16,1,656,17912,0
bf16,1,657,26147,0
bf16,1,658,570,0
bf16,1,659,1317,0
bf16,1,660,2078,0
bf16,1,661,24717,0
bf16,1,662,17484,0
bf16,1,663,3147,0
bf16,1,664,14857,0
bf16,1,665,19279,0
bf16,1,666,21133,0
bf16,1,667,19755,0
bf16,1,668,19595,0
bf16,1,669,17081,0
bf16,1,670,23106,0
bf16,1,671,20718,0
bf16,1,672,31944,0
bf16,1,673,19637,0
bf16,1,674,19090,0
bf16,1,675,14839,0
bf16,1,676,19412,0
bf16,1,677,9257,0
bf16,1,678,3109,0
bf16,1,679,9248,0
bf16,1,680,10266,0
bf16,1,681,1550,0
bf16,1,682,7398,0
bf16,1,683,4661,0
bf16,1,684,5749,0
bf16,1,685,8769,0
bf16,1,686,16815,0
bf16,1,687,2448,0
bf16,1,688,7433,0
bf16,1,689,9947,0
bf16,1,690,10223,0
bf16,1,691,6577,0
bf16,1,692,8494,0
bf16,1,693,4494,0
bf16,1,694,11759,0
bf16,1,695,3746,0
bf16,1,696,1520,0
bf16,1,697,14083,0
bf16,1,698,8221,0
bf16,1,699,8825,0
bf16,1,700,12881,0
bf16,1,701,12244,0
bf16,1,702,2491,0
bf16,1,703,7450,0
bf16,1,704,8227,0
bf16,1,705,4287,0
bf16,1,706,6918,0
bf16,1,707,6248,0
bf16,1,708,12387,0
bf16,1,709,4649,0
bf16,1,710,9000,0
bf16,1,711,15936,0
bf16,1,712,9432,0
bf16,1,713,7802,0
bf16,1,714,10148,0
bf16,1,715,2681,0
bf16,1,716,12233,0
bf16,1,717,21574,0
bf16,1,718,519,0
bf16,1,719,15719,0
bf16,1,720,11509,0
bf16,1,721,9029,0
bf16,1,722,11999,0
bf16,1,723,1957,0
bf16,1,724,12857,0
bf16,1,725,19848,0
bf16,1,726,18660,0
bf16,1,727,9568,0
bf16,1,728,12899,0
bf16,1,729,23824,0
bf16,1,730,2196,0
bf16,1,731,16084,0
bf16,1,732,23916,0
bf16,1,733,12180,0
bf16,1,734,7927,0
bf16,1,735,6696,0
bf16,1,736,2324,0
bf16,1,737,13359,0
bf16,1,738,24909,0
bf16,1,739,6463,0
bf16,1,740,12017,0
bf16,1,741,14603,0
bf16,1,742,9040,0
bf16,1,743,5363,0
bf16,1,744,20197,0
bf16,1,745,19629,0
bf16,1,746,4165,0
bf16,1,747,3496,0
bf16,1,748,4076,0
bf16,1,749,11734,0
bf16,1,750,24662,0
bf16,1,751,14690,0
bf16,1,752,21956,0
bf16,1,753,13186,0
bf16,1,754,3748,0
bf16,1,755,15681,0
bf16,1,756,11231,0
bf16,1,757,12199,0
bf16,1,758,24144,0
bf16,1,759,5339,0
bf16,1,760,30251,0
bf16,1,761,2245,0
bf16,1,762,6643,0
bf16,1,763,13492,0
bf16,1,764,4758,0
bf16,1,765,9545,0
bf16,1,766,20520,0
bf16,1,767,12384,0
bf16,1,768,3071,0
bf16,1,769,5709,0
bf16,1,770,20243,0
bf16,1,771,23564,0
bf16,1,772,8976,0
bf16,1,773,10932,0
bf16,1,774,3990,0
bf16,1,775,20994,0
bf16,1,776,5360,0
bf16,1,777,12258,0
bf16,1,778,1731,0
bf16,1,779,22240,0
bf16,1,780,13335,0
bf16,1,781,1364,0
bf16,1,782,13754,0
bf16,1,783,19982,0
bf16,1,784,6134,0
bf16,1,785,20943,0
bf16,1,786,4225,0
bf16,1,787,8386,0
bf16,1,788,17275,0
bf16,1,789,17964,0
bf16,1,790,10330,0
bf16,1,791,10815,0
bf16,1,792,6798,0
bf16,1,793,25835,0
bf16,1,794,13163,0
bf16,1,795,8921,0
bf16,1,796,18848,0
bf16,1,797,26542,0
bf16,1,798,18730,0
bf16,1,799,17591,0
bf16,1,800,12595,0
bf16,1,801,17944,0
bf16,1,802,20109,0
bf16,1,803,16755,0
bf16,1,804,18962,0
bf16,1,805,20817,0
bf16,1,806,26103,0
bf16,1,807,25258,0
bf16,1,808,29548,0
bf16,1,809,32768,1
bf16,1,810,30482,0
bf16,1,811,16313,0
bf16,1,812,29390,0
bf16,1,813,18352,0
bf16,1,814,14364,0
bf16,1,815,18425,0
bf16,1,816,20839,0
bf16,1,817,21730,0
bf16,1,818,6490,0
bf16,1,819,11465,0
bf16,1,820,9577,0
bf16,1,821,4393,0
bf16,1,822,13963,0
bf16,1,823,13366,0
bf16,1,824,11153,0
bf16,1,825,7522,0
bf16,1,826,19481,0
bf16,1,827,1474,0
bf16,1,828,7746,0
bf16,1,829,11771,0
bf16,1,830,4921,0
bf16,1,831,8474,0
bf16,1,832,12619,0
bf16,1,833,9424,0
bf16,1,834,8131,0
bf16,1,835,20379,0
bf16,1,836,7748,0
bf16,1,837,10559,0
bf16,1,838,12289,0
bf16,1,839,7236,0
bf16,1,840,12842,0
bf16,1,841,9937,0
bf16,1,842,6142,0
bf16,1,843,9412,0
bf16,1,844,7697,0
bf16,1,845,11425,0
bf16,1,846,5220,0
bf16,1,847,15629,0
bf16,1,848,18135,0
bf16,1,849,16632,0
bf16,1,850,2059,0
bf16,1,851,7345,0
bf16,1,852,4041,0
bf16,1,853,6435,0
bf16,1,854,8633,0
bf16,1,855,7198,0
bf16,1,856,6397,0
bf16,1,857,15671,0
bf16,1,858,15127,0
bf16,1,859,3268,0
bf16,1,860,13194,0
bf16,1,861,12348,0
bf16,1,862,19003,0
bf16,1,863,4292,0
bf16,1,864,7064,0
bf16,1,865,14260,0
bf16,1,866,9673,0
bf16,1,867,16905,0
bf16,1,868,9459,0
bf16,1,869,1246,0
bf16,1,870,7212,0
bf16,1,871,17910,0
bf16,1,872,15339,0
bf16,1,873,8272,0
bf16,1,874,7617,0
bf16,1,875,13501,0
bf16,1,876,12048,0
bf16,1,877,8461,0
bf16,1,878,12093,0
bf16,1,879,14893,0
bf16,1,880,2607,0
bf16,1,881,20628,0
bf16,1,882,254,0
bf16,1,883,13606,0
bf16,1,884,23393,0
bf16,1,885,1616,0
bf16,1,886,14119,0
bf16,1,887,6307,0
bf16,1,888,516,0
bf16,1,889,19135,0
bf16,1,890,13739,0
bf16,1,891,22100,0
bf16,1,892,4467,0
bf16,1,893,552,0
bf16,1,894,28300,0
bf16,1,895,13664,0
bf16,1,896,21038,0
bf16,1,897,16439,0
bf16,1,898,26152,0
bf16,1,899,2233,0
bf16,1,900,4797,0
bf16,1,901,17622,0
bf16,1,902,30337,0
bf16,1,903,11533,0
bf16,1,904,29084,0
bf16,1,905,26037,0
bf16,1,906,712,0
bf16,1,907,14153,0
bf16,1,908,18729,0
bf16,1,909,4498,0
bf16,1,910,3823,0
bf16,1,911,13961,0
bf16,1,912,4293,0
bf16,1,913,9801,0
bf16,1,914,17825,0
bf16,1,915,5264,0
bf16,1,916,2307,0
bf16,1,917,12597,0
bf16,1,918,10552,0
bf16,1,919,7207,0
bf16,1,920,5181,0
bf16,1,921,14712,0
bf16,1,922,590,0
bf16,1,923,18286,0
bf16,1,924,513,0
bf16,1,925,21303,0
bf16,1,926,7948,0
bf16,1,927,19682,0
bf16,1,928,5772,0
bf16,1,929,10330,0
bf16,1,930,8550,0
bf16,1,931,619,0
bf16,1,932,14429,0
bf16,1,933,14610,0
bf16,1,934,9386,0
bf16,1,935,19713,0
bf16,1,936,2768,0
bf16,1,937,13174,0
bf16,1,938,6668,0
bf16,1,939,725,0
bf16,1,940,9949,0
bf16,1,941,18678,0
bf16,1,942,6901,0
bf16,1,943,20988,0
bf16,1,944,14096,0
bf16,1,945,642,0
bf16,1,946,10993,0
bf16,1,947,9938,0
bf16,1,948,5036,0
bf16,1,949,11180,0
bf16,1,950,6073,0
bf16,1,951,3305,0
bf16,1,952,18289,0
bf16,1,953,18544,0
bf16,1,954,22915,0
bf16,1,955,4215,0
bf16,1,956,5257,0
bf16,1,957,13299,0
bf16,1,958,2825,0
bf16,1,959,9830,0
bf16,1,960,16108,0
bf16,1,961,1130,0
bf16,1,962,6951,0
bf16,1,963,12267,0
bf16,1,964,17242,0
bf16,1,965,22107,0
bf16,1,966,19659,0
bf16,1,967,15314,0
bf16,1,968,18602,0
bf16,1,969,20963,0
bf16,1,970,22915,0
bf16,1,971,22270,0
bf16,1,972,10586,0
bf16,1,973,23959,0
bf16,1,974,14324,0
bf16,1,975,19028,0
bf16,1,976,13943,0
bf16,1,977,20987,0
bf16,1,978,12157,0
bf16,1,979,22509,0
bf16,1,980,18434,0
bf16,1,981,18425,0
bf16,1,982,16646,0
bf16,1,983,22283,0
bf16,1,984,16659,0
bf16,1,985,17860,0
bf16,1,986,15878,0
bf16,1,987,11544,0
bf16,1,988,25608,0
bf16,1,989,13990,0
bf16,1,990,14358,0
bf16,1,991,23665,0
bf16,1,992,7685,0
bf16,1,993,11430,0
bf16,1,994,16749,0
bf16,1,995,15399,0
bf16,1,996,2073,0
bf16,1,997,7481,0
bf16,1,998,18734,0
bf16,1,999,14744,0
bf16,1,1000,4680,0
bf16,1,1001,9889,0
bf16,1,1002,12115,0
bf16,1,1003,5513,0
bf16,1,1004,17009,0
bf16,1,1005,12593,0
bf16,1,1006,9162,0
bf16,1,1007,7607,0
bf16,1,1008,18268,0
bf16,1,1009,13542,0
bf16,1,1010,3819,0
bf16,1,1011,11967,0
bf16,1,1012,9440,0
bf16,1,1013,19129,0
bf16,1,1014,2028,0
bf16,1,1015,6704,0
bf16,1,1016,12671,0
bf16,1,1017,5923,0
bf16,1,1018,10335,0
bf16,1,1019,18293,0
bf16,1,1020,15347,0
bf16,1,1021,12588,0
bf16,1,1022,11371,0
bf16,1,1023,14068,0
bf16,1,1024,10368,0
bf16,1,1025,12800,0
bf16,1,1026,12359,0
bf16,1,1027,14813,0
bf16,1,1028,1383,0
bf16,1,1029,3624,0
bf16,1,1030,16826,0
bf16,1,1031,13884,0
bf16,1,1032,12161,0
bf16,1,1033,6421,0
bf16,1,1034,13018,0
bf16,1,1035,5135,0
bf16,1,1036,15165,0
bf16,1,1037,1042,0
bf16,1,1038,14746,0
bf16,1,1039,11770,0
bf16,1,1040,3775,0
bf16,1,1041,7851,0
bf16,1,1042,15808,0
bf16,1,1043,3820,0
bf16,1,1044,17684,0
bf16,1,1045,13322,0
bf16,1,1046,1716,0
bf16,1,1047,5608,0
bf16,1,1048,15461,0
bf16,1,1049,22191,0
bf16,1,1050,4716,0
bf16,1,1051,15648,0
bf16,1,1052,1510,0
bf16,1,1053,14176,0
bf16,1,1054,13066,0
bf16,2,0,2050,0
bf16,2,1,4376,0
bf16,2,2,7240,0
bf16,2,3,13640,0
bf16,2,4,9513,0
bf16,2,5,8465,0
bf16,2,6,10679,0
bf16,2,7,11315,0
bf16,2,8,13689,0
bf16,2,9,1356,0
bf16,2,10,7335,0
bf16,2,11,5354,0
bf16,2,12,3090,0
bf16,2,13,4306,0
bf16,2,14,1276,0
bf16,2,15,9916,0
bf16,2,16,3394,0
bf16,2,17,5865,0
bf16,2,18,6174,0
bf16,2,19,4173,0
bf16,2,20,3511,0
bf16,2,21,3940,0
bf16,2,22,3519,0
bf16,2,23,2123,0
bf16,2,24,7316,0
bf16,2,25,7904,0
bf16,2,26,8488,0
bf16,2,27,4582,0
bf16,2,28,4495,0
bf16,2,29,3464,0
bf16,2,30,16109,0
bf16,2,31,4145,0
bf16,2,32,3646,0
bf16,2,33,3651,0
bf16,2,34,10028,0
bf16,2,35,5725,0
bf16,2,36,5839,0
bf16,2,37,8070,0
bf16,2,38,6434,0
bf16,2,39,3491,0
bf16,2,40,7623,0
bf16,2,41,11792,0
bf16,2,42,1125,0
bf16,2,43,2979,0
bf16,2,44,3386,0
bf16,2,45,6985,0
bf16,2,46,17668,0
bf16,2,47,13936,0
bf16,2,48,8394,0
bf16,2,49,5331,0
bf16,2,50,6207,0
bf16,2,51,4809,0
bf16,2,52,4768,0
bf16,2,53,3724,0
bf16,2,54,5951,0
bf16,2,55,5979,0
bf16,2,56,6991,0
bf16,2,57,3278,0
bf16,2,58,5014,0
bf16,2,59,579,0
bf16,2,60,9649,0
bf16,2,61,5621,0
bf16,2,62,11655,0
bf16,2,63,1483,0
bf16,2,64,11917,0
bf16,2,65,8070,0
bf16,2,66,9139,0
bf16,2,67,2357,0
bf16,2,68,4223,0
bf16,2,69,6098,0
bf16,2,70,5069,0
bf16,2,71,4902,0
bf16,2,72,7660,0
bf16,2,73,3192,0
bf16,2,74,7831,0
bf16,2,75,8894,0
bf16,2,76,953,0
bf16,2,77,6825,0
bf16,2,78,8950,0
bf16,2,79,12058,0
bf16,2,80,11131,0
bf16,2,81,5213,0
bf16,2,82,6743,0
bf16,2,83,2686,0
bf16,2,84,1496,0
bf16,2,85,5468,0
bf16,2,86,1971,0
bf16,2,87,4372,0
bf16,2,88,9651,0
bf16,2,89,13872,0
bf16,2,90,7268,0
bf16,2,91,3796,0
bf16,2,92,18023,0
bf16,2,93,13633,0
bf16,2,94,5796,0
bf16,2,95,8379,0
bf16,2,96,15944,0
bf16,2,97,2245,0
bf16,2,98,4652,0
bf16,2,99,9059,0
bf16,2,100,10984,0
bf16,2,101,7155,0
bf16,2,102,1495,0
bf16,2,103,7541,0
bf16,2,104,5873,0
bf16,2,105,12752,0
bf16,2,106,1095,0
bf16,2,107,5122,0
bf16,2,108,4910,0
bf16,2,109,5791,0
bf16,2,110,6598,0
bf16,2,111,9194,0
bf16,2,112,8221,0
bf16,2,113,3420,0
bf16,2,114,9484,0
bf16,2,115,3072,0
bf16,2,116,2429,0
bf16,2,117,4868,0
bf16,2,118,15541,0
bf16,2,119,5407,0
bf16,2,120,2523,0
bf16,2,121,6771,0
bf16,2,122,6734,0
bf16,2,123,1936,0
bf16,2,124,11697,0
bf16,2,125,6960,0
bf16,2,126,9052,0
bf16,2,127,16592,0
bf16,2,128,2865,0
bf16,2,129,625,0
bf16,2,130,3183,0
bf16,2,131,8190,0
bf16,2,132,5073,0
bf16,2,133,7553,0
bf16,2,134,18427,0
bf16,2,135,1344,0
bf16,2,136,2441,0
bf16,2,137,19382,0
bf16,2,138,4894,0
bf16,2,139,6926,0
bf16,2,140,6441,0
bf16,2,141,11980,0
bf16,2,142,7525,0
bf16,2,143,2427,0
bf16,2,144,920,0
bf16,2,145,13105,0
bf16,2,146,9377,0
bf16,2,147,4290,0
bf16,2,148,1344,0
bf16,2,149,3847,0
bf16,2,150,6883,0
bf16,2,151,13713,0
bf16,2,152,8520,0
bf16,2,153,11928,0
bf16,2,154,13730,0
bf16,2,155,2244,0
bf16,2,156,5869,0
bf16,2,157,3815,0
bf16,2,158,7462,0
bf16,2,159,7549,0
bf16,2,160,3774,0
bf16,2,161,10604,0
bf16,2,162,12606,0
bf16,2,163,5125,0
bf16,2,164,1691,0
bf16,2,165,5149,0
bf16,2,166,1459,0
bf16,2,167,7844,0
bf16,2,168,11254,0
bf16,2,169,5336,0
bf16,2,170,3751,0
bf16,2,171,12139,0
bf16,2,172,4858,0
bf16,2,173,1967,0
bf16,2,174,2923,0
bf16,2,175,5413,0
bf16,2,176,10709,0
bf16,2,177,5330,0
bf16,2,178,8881,0
bf16,2,179,10943,0
bf16,2,180,7876,0
bf16,2,181,2810,0
bf16,2,182,1102,0
bf16,2,183,1061,0
bf16,2,184,11530,0
bf16,2,185,7805,0
bf16,2,186,2869,0
bf16,2,187,3997,0
bf16,2,188,3682,0
bf16,2,189,1127,0
bf16,2,190,5544,0
bf16,2,191,9348,0
bf16,2,192,11870,0
bf16,2,193,15879,0
bf16,2,194,17744,0
bf16,2,195,16875,0
bf16,2,196,4998,0
bf16,2,197,7397,0
bf16,2,198,2727,0
bf16,2,199,9115,0
bf16,2,200,14149,0
bf16,2,201,11227,0
bf16,2,202,2883,0
bf16,2,203,2357,0
bf16,2,204,7501,0
bf16,2,205,10311,0
bf16,2,206,18905,0
bf16,2,207,2064,0
bf16,2,208,6155,0
bf16,2,209,6329,0
bf16,2,210,9855,0
bf16,2,211,10564,0
bf16,2,212,5318,0
bf16,2,213,1408,0
bf16,2,214,8602,0
bf16,2,215,13612,0
bf16,2,216,9879,0
bf16,2,217,4025,0
bf16,2,218,6126,0
bf16,2,219,4609,0
bf16,2,220,11032,0
bf16,2,221,19167,0
bf16,2,222,823,0
bf16,2,223,4849,0
bf16,2,224,22017,0
bf16,2,225,22960,0
bf16,2,226,8580,0
bf16,2,227,3924,0
bf16,2,228,2381,0
bf16,2,229,12999,0
bf16,2,230,5940,0
bf16,2,231,14595,0
bf16,2,232,11367,0
bf16,2,233,2529,0
bf16,2,234,15094,0
bf16,2,235,8579,0
bf16,2,236,9288,0
bf16,2,237,11989,0
bf16,2,238,1794,0
bf16,2,239,9974,0
bf16,2,240,4758,0
bf16,2,241,13521,0
bf16,2,242,10181,0
bf16,2,243,16082,0
bf16,2,244,3655,0
bf16,2,245,2326,0
bf16,2,246,10462,0
bf16,2,247,14887,0
bf16,2,248,14195,0
bf16,2,249,189,0
bf16,2,250,12713,0
bf16,2,251,8007,0
bf16,2,252,9242,0
bf16,2,253,17253,0
bf16,2,254,15662,0
bf16,2,255,2881,0
bf16,2,256,6054,0
bf16,2,257,15565,0
bf16,2,258,2999,0
bf16,2,259,5841,0
bf16,2,260,7685,0
bf16,2,261,18407,0
bf16,2,262,14701,0
bf16,2,263,26555,0
bf16,2,264,632,0
bf16,2,265,3488,0
bf16,2,266,10290,0
bf16,2,267,24958,0
bf16,2,268,17167,0
bf16,2,269,13235,0
bf16,2,270,2488,0
bf16,2,271,11411,0
bf16,2,272,5739,0
bf16,2,273,9539,0
bf16,2,274,6455,0
bf16,2,275,6023,0
bf16,2,276,12190,0
bf16,2,277,10472,0
bf16,2,278,11682,0
bf16,2,279,618,0
bf16,2,280,1825,0
bf16,2,281,13567,0
bf16,2,282,4989,0
bf16,2,283,15920,0
bf16,2,284,1192,0
bf16,2,285,6905,0
bf16,2,286,7885,0
bf16,2,287,4269,0
bf16,2,288,15747,0
bf16,2,289,944,0
bf16,2,290,1204,0
bf16,2,291,5495,0
bf16,2,292,11802,0
bf16,2,293,9294,0
bf16,2,294,1068,0
bf16,2,295,4883,0
bf16,2,296,6363,0
bf16,2,297,17344,0
bf16,2,298,8730,0
bf16,2,299,1389,0
bf16,2,300,2285,0
bf16,2,301,11853,0
bf16,2,302,11245,0
bf16,2,303,9310,0
bf16,2,304,8921,0
bf16,2,305,857,0
bf16,2,306,9051,0
bf16,2,307,6111,0
bf16,2,308,17567,0
bf16,2,309,11139,0
bf16,2,310,16084,0
bf16,2,311,872,0
bf16,2,312,4413,0
bf16,2,313,7383,0
bf16,2,314,13823,0
bf16,2,315,10904,0
bf16,2,316,2680,0
bf16,2,317,4905,0
bf16,2,318,3293,0
bf16,2,319,6028,0
bf16,2,320,14007,0
bf16,2,321,1383,0
bf16,2,322,5747,0
bf16,2,323,10630,0
bf16,2,324,4849,0
bf16,2,325,7968,0
bf16,2,326,377,0
bf16,2,327,5199,0
bf16,2,328,7787,0
bf16,2,329,6684,0
bf16,2,330,24748,0
bf16,2,331,8794,0
bf16,2,332,588,0
bf16,2,333,1990,0
bf16,2,334,8134,0
bf16,2,335,6873,0
bf16,2,336,10487,0
bf16,2,337,1273,0
bf16,2,338,5784,0
bf16,2,339,7021,0
bf16,2,340,20501,0
bf16,2,341,16352,0
bf16,2,342,1121,0
bf16,2,343,2495,0
bf16,2,344,5863,0
bf16,2,345,7656,0
bf16,2,346,3536,0
bf16,2,347,3740,0
bf16,2,348,11754,0
bf16,2,349,15190,0
bf16,2,350,16556,0
bf16,2,351,254,0
bf16,2,352,8112,0
bf16,2,353,14834,0
bf16,2,354,6101,0
bf16,2,355,10319,0
bf16,2,356,976,0
bf16,2,357,2775,0
bf16,2,358,8848,0
bf16,2,359,13839,0
bf16,2,360,1012,0
bf16,2,361,1236,0
bf16,2,362,8042,0
bf16,2,363,30597,0
bf16,2,364,783,0
bf16,2,365,4106,0
bf16,2,366,4058,0
bf16,2,367,7285,0
bf16,2,368,7742,0
bf16,2,369,2804,0
bf16,2,370,3137,0
bf16,2,371,8397,0
bf16,2,372,21739,0
bf16,2,373,18328,0
bf16,2,374,13714,0
bf16,2,375,2734,0
bf16,2,376,7692,0
bf16,2,377,6210,0
bf16,2,378,14148,0
bf16,2,379,2823,0
bf16,2,380,1239,0
bf16,2,381,11810,0
bf16,2,382,7022,0
bf16,2,383,17376,0
bf16,2,384,3039,0
bf16,2,385,8582,0
bf16,2,386,13657,0
bf16,2,387,14280,0
bf16,2,388,19107,0
bf16,2,389,14222,0
bf16,2,390,5537,0
bf16,2,391,2487,0
bf16,2,392,7744,0
bf16,2,393,13256,0
bf16,2,394,16513,0
bf16,2,395,6475,0
bf16,2,396,2054,0
bf16,2,397,8036,0
bf16,2,398,6466,0
bf16,2,399,16853,0
bf16,2,400,6279,0
bf16,2,401,1891,0
bf16,2,402,4635,0
bf16,2,403,5179,0
bf16,2,404,14973,0
bf16,2,405,12198,0
bf16,2,406,7565,0
bf16,2,407,16233,0
bf16,2,408,7509,0
bf16,2,409,19095,0
bf16,2,410,1255,0
bf16,2,411,7212,0
bf16,2,412,19941,0
bf16,2,413,2071,0
bf16,2,414,13263,0
bf16,2,415,982,0
bf16,2,416,6312,0
bf16,2,417,3587,0
bf16,2,418,580,0
bf16,2,419,22901,0
bf16,2,420,11295,0
bf16,2,421,5161,0
bf16,2,422,1243,0
bf16,2,423,5462,0
bf16,2,424,9918,0
bf16,2,425,12898,0
bf16,2,426,2726,0
bf16,2,427,14598,0
bf16,2,428,3041,0
bf16,2,429,7347,0
bf16,2,430,6640,0
bf16,2,431,3043,0
bf16,2,432,3561,0
bf16,2,433,11190,0
bf16,2,434,6323,0
bf16,2,435,5291,0
bf16,2,436,22249,0
bf16,2,437,12849,0
bf16,2,438,3480,0
bf16,2,439,3975,0
bf16,2,440,4787,0
bf16,2,441,12401,0
bf16,2,442,21229,0
bf16,2,443,5773,0
bf16,2,444,2098,0
bf16,2,445,8822,0
bf16,2,446,7931,0
bf16,2,447,2446,0
bf16,2,448,3251,0
bf16,2,449,6636,0
bf16,2,450,11671,0
bf16,2,451,19792,0
bf16,2,452,14751,0
bf16,2,453,1340,0
bf16,2,454,7833,0
bf16,2,455,1385,0
bf16,2,456,11137,0
bf16,2,457,1652,0
bf16,2,458,4248,0
bf16,2,459,7623,0
bf16,2,460,10519,0
bf16,2,461,3796,0
bf16,2,462,1643,0
bf16,2,463,9745,0
bf16,2,464,19017,0
bf16,2,465,4589,0
bf16,2,466,3507,0
bf16,2,467,6280,0
bf16,2,468,8294,0
bf16,2,469,641,0
bf16,2,470,3210,0
bf16,2,471,8934,0
bf16,2,472,2174,0
bf16,2,473,6361,0
bf16,2,474,16981,0
bf16,2,475,6745,0
bf16,2,476,4216,0
bf16,2,477,8145,0
bf16,2,478,12176,0
bf16,2,479,1281,0
bf16,2,480,5270,0
bf16,2,481,10363,0
bf16,2,482,11711,0
bf16,2,483,3225,0
bf16,2,484,5048,0
bf16,2,485,12110,0
bf16,2,486,781,0
bf16,2,487,14535,0
bf16,2,488,1953,0
bf16,2,489,4693,0
bf16,2,490,19792,0
bf16,2,491,8021,0
bf16,2,492,2650,0
bf16,2,493,4163,0
bf16,2,494,6738,0
bf16,2,495,7280,0
bf16,2,496,4428,0
bf16,2,497,3606,0
bf16,2,498,12272,0
bf16,2,499,1628,0
bf16,2,500,7802,0
bf16,2,501,1197,0
bf16,2,502,5452,0
bf16,2,503,9036,0
bf16,2,504,2324,0
bf16,2,505,2449,0
bf16,2,506,10904,0
bf16,2,507,5662,0
bf16,2,508,18790,0
bf16,2,509,2220,0
bf16,2,510,2384,0
bf16,2,511,2223,0
bf16,2,512,8975,0
bf16,2,513,14555,0
bf16,2,514,6576,0
bf16,2,515,1606,0
bf16,2,516,8846,0
bf16,2,517,7616,0
bf16,2,518,5951,0
bf16,2,519,2748,0
bf16,2,520,13289,0
bf16,2,521,15914,0
bf16,2,522,2917,0
bf16,2,523,1832,0
bf16,2,524,10322,0
bf16,2,525,561,0
bf16,2,526,16369,0
bf16,2,527,1721,0
bf16,2,528,19254,0
bf16,2,529,576,0
bf16,2,530,12955,0
bf16,2,531,7733,0
bf16,2,532,5738,0
bf16,2,533,11443,0
bf16,2,534,859,0
bf16,2,535,11338,0
bf16,2,536,17014,0
bf16,2,537,2144,0
bf16,2,538,1134,0
bf16,2,539,16118,0
bf16,2,540,8743,0
bf16,2,541,5118,0
bf16,2,542,8339,0
bf16,2,543,9786,0
bf16,2,544,12446,0
bf16,2,545,1247,0
bf16,2,546,2232,0
bf16,2,547,1949,0
bf16,2,548,19094,0
bf16,2,549,3448,0
bf16,2,550,10342,0
bf16,2,551,13241,0
bf16,2,552,21075,0
bf16,2,553,2008,0
bf16,2,554,20094,0
bf16,2,555,19666,0
bf16,2,556,12906,0
bf16,2,557,17328,0
bf16,2,558,7267,0
bf16,2,559,1370,0
bf16,2,560,1027,0
bf16,2,561,9245,0
bf16,2,562,10093,0
bf16,2,563,6078,0
bf16,2,564,1851,0
bf16,2,565,4025,0
bf16,2,566,8481,0
bf16,2,567,2615,0
bf16,2,568,6931,0
bf16,2,569,8704,0
bf16,2,570,4930,0
bf16,2,571,7333,0
bf16,2,572,10166,0
bf16,2,573,3343,0
bf16,2,574,2550,0
bf16,2,575,9247,0
bf16,2,576,5987,0
bf16,2,577,7077,0
bf16,2,578,9620,0
bf16,2,579,2672,0
bf16,2,580,3180,0
bf16,2,581,11285,0
bf16,2,582,11054,0
bf16,2,583,3756,0
bf16,2,584,10764,0
bf16,2,585,5729,0
bf16,2,586,9780,0
bf16,2,587,17462,0
bf16,2,588,11888,0
bf16,2,589,2852,0
bf16,2,590,7550,0
bf16,2,591,12455,0
bf16,2,592,12884,0
bf16,2,593,7165,0
bf16,2,594,18158,0
bf16,2,595,974,0
bf16,2,596,8537,0
bf16,2,597,2557,0
bf16,2,598,8395,0
bf16,2,599,9505,0
bf16,2,600,2546,0
bf16,2,601,12763,0
bf16,2,602,15584,0
bf16,2,603,4518,0
bf16,2,604,18188,0
bf16,2,605,6440,0
bf16,2,606,4325,0
bf16,2,607,15948,0
bf16,2,608,11108,0
bf16,2,609,4211,0
bf16,2,610,5247,0
bf16,2,611,13044,0
bf16,2,612,10305,0
bf16,2,613,11446,0
bf16,2,614,15917,0
bf16,2,615,11358,0
bf16,2,616,3270,0
bf16,2,617,2695,0
bf16,2,618,17949,0
bf16,2,619,23070,0
bf16,2,620,8517,0
bf16,2,621,4231,0
bf16,2,622,13952,0
bf16,2,623,4270,0
bf16,2,624,19596,0
bf16,2,625,10742,0
bf16,2,626,16517,0
bf16,2,627,4167,0
bf16,2,628,6774,0
bf16,2,629,11232,0
bf16,2,630,7938,0
bf16,2,631,9678,0
bf16,2,632,27243,0
bf16,2,633,7644,0
bf16,2,634,20988,0
bf16,2,635,8095,0
bf16,2,636,2712,0
bf16,2,637,6757,0
bf16,2,638,23695,0
bf16,2,639,854,0
bf16,2,640,14563,0
bf16,2,641,9175,0
bf16,2,642,16081,0
bf16,2,643,7882,0
bf16,2,644,6221,0
bf16,2,645,23874,0
bf16,2,646,1905,0
bf16,2,647,5090,0
bf16,2,648,17441,0
bf16,2,649,18495,0
bf16,2,650,12166,0
bf16,2,651,5272,0
bf16,2,652,5196,0
bf16,2,653,12025,0
bf16,2,654,9408,0
bf16,2,655,12506,0
bf16,2,656,17532,0
bf16,2,657,19684,0
bf16,2,658,218,0
bf16,2,659,1005,0
bf16,2,660,1925,0
bf16,2,661,17794,0
bf16,2,662,17890,0
bf16,2,663,2347,0
bf16,2,664,24611,0
bf16,2,665,19144,0
bf16,2,666,18146,0
bf16,2,667,24221,0
bf16,2,668,17027,0
bf16,2,669,20514,0
bf16,2,670,22409,0
bf16,2,671,23091,0
bf16,2,672,22743,0
bf16,2,673,19092,0
bf16,2,674,18693,0
bf16,2,675,19357,0
bf16,2,676,20567,0
bf16,2,677,7353,0
bf16,2,678,3436,0
bf16,2,679,12156,0
bf16,2,680,10758,0
bf16,2,681,2931,0
bf16,2,682,5810,0
bf16,2,683,3591,0
bf16,2,684,6487,0
bf16,2,685,9112,0
bf16,2,686,16712,0
bf16,2,687,1281,0
bf16,2,688,7240,0
bf16,2,689,11213,0
bf16,2,690,14577,0
bf16,2,691,11406,0
bf16,2,692,11384,0
bf16,2,693,5063,0
bf16,2,694,10623,0
bf16,2,695,3417,0
bf16,2,696,1316,0
bf16,2,697,12867,0
bf16,2,698,7468,0
bf16,2,699,8272,0
bf16,2,700,13729,0
bf16,2,701,14086,0
bf16,2,702,2254,0
bf16,2,703,6160,0
bf16,2,704,7849,0
bf16,2,705,7204,0
bf16,2,706,5613,0
bf16,2,707,3832,0
bf16,2,708,9555,0
bf16,2,709,2642,0
bf16,2,710,10760,0
bf16,2,711,14225,0
bf16,2,712,9015,0
bf16,2,713,7224,0
bf16,2,714,9823,0
bf16,2,715,3427,0
bf16,2,716,9228,0
bf16,2,717,17345,0
bf16,2,718,1826,0
bf16,2,719,14061,0
bf16,2,720,13740,0
bf16,2,721,10724,0
bf16,2,722,13327,0
bf16,2,723,2764,0
bf16,2,724,5021,0
bf16,2,725,17647,0
bf16,2,726,19606,0
bf16,2,727,10620,0
bf16,2,728,9077,0
bf16,2,729,23984,0
bf16,2,730,3307,0
bf16,2,731,18128,0
bf16,2,732,29182,0
bf16,2,733,17160,0
bf16,2,734,6427,0
bf16,2,735,5535,0
bf16,2,736,1286,0
bf16,2,737,9327,0
bf16,2,738,18480,0
bf16,2,739,11995,0
bf16,2,740,7864,0
bf16,2,741,12049,0
bf16,2,742,10883,0
bf16,2,743,3689,0
bf16,2,744,14641,0
bf16,2,745,14318,0
bf16,2,746,2439,0
bf16,2,747,2202,0
bf16,2,748,3295,0
bf16,2,749,10947,0
bf16,2,750,14375,0
bf16,2,751,17843,0
bf16,2,752,27197,0
bf16,2,753,16922,0
bf16,2,754,5704,0
bf16,2,755,25213,0
bf16,2,756,16850,0
bf16,2,757,20605,0
bf16,2,758,15241,0
bf16,2,759,3880,0
bf16,2,760,21607,0
bf16,2,761,4034,0
bf16,2,762,3612,0
bf16,2,763,14861,0
bf16,2,764,8318,0
bf16,2,765,9153,0
bf16,2,766,15829,0
bf16,2,767,18789,0
bf16,2,768,1452,0
bf16,2,769,4110,0
bf16,2,770,19333,0
bf16,2,771,20369,0
bf16,2,772,10894,0
bf16,2,773,12905,0
bf16,2,774,3282,0
bf16,2,775,22272,0
bf16,2,776,4991,0
bf16,2,777,11896,0
bf16,2,778,1798,0
bf16,2,779,21224,0
bf16,2,780,14847,0
bf16,2,781,6078,0
bf16,2,782,18270,0
bf16,2,783,16945,0
bf16,2,784,6652,0
bf16,2,785,32768,1
bf16,2,786,6398,0
bf16,2,787,12300,0
bf16,2,788,14548,0
bf16,2,789,18544,0
bf16,2,790,8347,0
bf16,2,791,16245,0
bf16,2,792,5090,0
bf16,2,793,24459,0
bf16,2,794,14864,0
bf16,2,795,7231,0
bf16,2,796,15384,0
bf16,2,797,21029,0
bf16,2,798,18229,0
bf16,2,799,16309,0
bf16,2,800,12195,0
bf16,2,801,22689,0
bf16,2,802,16419,0
bf16,2,803,19607,0
bf16,2,804,19093,0
bf16,2,805,19667,0
bf16,2,806,16775,0
bf16,2,807,17973,0
bf16,2,808,20146,0
bf16,2,809,19996,0
bf16,2,810,22555,0
bf16,2,811,27349,0
bf16,2,812,21199,0
bf16,2,813,22604,0
bf16,2,814,20482,0
bf16,2,815,25816,0
bf16,2,816,20922,0
bf16,2,817,18441,0
bf16,2,818,6476,0
bf16,2,819,8901,0
bf16,2,820,13431,0
bf16,2,821,5338,0
bf16,2,822,9097,0
bf16,2,823,13647,0
bf16,2,824,5545,0
bf16,2,825,7679,0
bf16,2,826,16426,0
bf16,2,827,902,0
bf16,2,828,9258,0
bf16,2,829,12606,0
bf16,2,830,6930,0
bf16,2,831,10326,0
bf16,2,832,17023,0
bf16,2,833,8838,0
bf16,2,834,9256,0
bf16,2,835,16727,0
bf16,2,836,3617,0
bf16,2,837,12849,0
bf16,2,838,13011,0
bf16,2,839,10401,0
bf16,2,840,16506,0
bf16,2,841,6733,0
bf16,2,842,7197,0
bf16,2,843,7812,0
bf16,2,844,3400,0
bf16,2,845,12575,0
bf16,2,846,5153,0
bf16,2,847,9941,0
bf16,2,848,15601,0
bf16,2,849,16064,0
bf16,2,850,6175,0
bf16,2,851,8602,0
bf16,2,852,6808,0
bf16,2,853,6299,0
bf16,2,854,8875,0
bf16,2,855,6847,0
bf16,2,856,6728,0
bf16,2,857,13331,0
bf16,2,858,11083,0
bf16,2,859,5526,0
bf16,2,860,18916,0
bf16,2,861,11788,0
bf16,2,862,14781,0
bf16,2,863,3670,0
bf16,2,864,5773,0
bf16,2,865,17407,0
bf16,2,866,11962,0
bf16,2,867,14475,0
bf16,2,868,8670,0
bf16,2,869,997,0
bf16,2,870,9431,0
bf16,2,871,15646,0
bf16,2,872,17644,0
bf16,2,873,5676,0
bf16,2,874,6016,0
bf16,2,875,13289,0
bf16,2,876,12238,0
bf16,2,877,9293,0
bf16,2,878,11265,0
bf16,2,879,13450,0
bf16,2,880,2015,0
bf16,2,881,29254,0
bf16,2,882,247,0
bf16,2,883,18469,0
bf16,2,884,28610,0
bf16,2,885,1101,0
bf16,2,886,19952,0
bf16,2,887,8764,0
bf16,2,888,229,0
bf16,2,889,26177,0
bf16,2,890,7265,0
bf16,2,891,13938,0
bf16,2,892,5031,0
bf16,2,893,235,0
bf16,2,894,22583,0
bf16,2,895,13204,0
bf16,2,896,14169,0
bf16,2,897,18418,0
bf16,2,898,18866,0
bf16,2,899,2932,0
bf16,2,900,3494,0
bf16,2,901,16382,0
bf16,2,902,24632,0
bf16,2,903,10267,0
bf16,2,904,22994,0
bf16,2,905,16943,0
bf16,2,906,676,0
bf16,2,907,18602,0
bf16,2,908,18826,0
bf16,2,909,3561,0
bf16,2,910,3704,0
bf16,2,911,15940,0
bf16,2,912,5952,0
bf16,2,913,9322,0
bf16,2,914,11057,0
bf16,2,915,5686,0
bf16,2,916,3688,0
bf16,2,917,16913,0
bf16,2,918,12611,0
bf16,2,919,23471,0
bf16,2,920,3362,0
bf16,2,921,19251,0
bf16,2,922,591,0
bf16,2,923,20665,0
bf16,2,924,1125,0
bf16,2,925,23098,0
bf16,2,926,7686,0
bf16,2,927,22106,0
bf16,2,928,7045,0
bf16,2,929,13737,0
bf16,2,930,6483,0
bf16,2,931,878,0
bf16,2,932,10026,0
bf16,2,933,13508,0
bf16,2,934,9051,0
bf16,2,935,18857,0
bf16,2,936,4404,0
bf16,2,937,13715,0
bf16,2,938,6060,0
bf16,2,939,1861,0
bf16,2,940,11703,0
bf16,2,941,20389,0
bf16,2,942,8424,0
bf16,2,943,22895,0
bf16,2,944,19460,0
bf16,2,945,625,0
bf16,2,946,10880,0
bf16,2,947,14459,0
bf16,2,948,3495,0
bf16,2,949,14099,0
bf16,2,950,7950,0
bf16,2,951,2903,0
bf16,2,952,19373,0
bf16,2,953,16502,0
bf16,2,954,27175,0
bf16,2,955,4916,0
bf16,2,956,4430,0
bf16,2,957,16196,0
bf16,2,958,5046,0
bf16,2,959,9584,0
bf16,2,960,17376,0
bf16,2,961,948,0
bf16,2,962,6545,0
bf16,2,963,16239,0
bf16,2,964,16555,0
bf16,2,965,21456,0
bf16,2,966,17892,0
bf16,2,967,22213,0
bf16,2,968,12246,0
bf16,2,969,20548,0
bf16,2,970,24633,0
bf16,2,971,28738,0
bf16,2,972,12236,0
bf16,2,973,21040,0
bf16,2,974,14355,0
bf16,2,975,17924,0
bf16,2,976,19293,0
bf16,2,977,18442,0
bf16,2,978,7947,0
bf16,2,979,24562,0
bf16,2,980,17017,0
bf16,2,981,21087,0
bf16,2,982,20378,0
bf16,2,983,24873,0
bf16,2,984,18983,0
bf16,2,985,15847,0
bf16,2,986,20119,0
bf16,2,987,17320,0
bf16,2,988,16023,0
bf16,2,989,19589,0
bf16,2,990,14992,0
bf16,2,991,17634,0
bf16,2,992,4551,0
bf16,2,993,11361,0
bf16,2,994,18240,0
bf16,2,995,15462,0
bf16,2,996,2293,0
bf16,2,997,10345,0
bf16,2,998,10287,0
bf16,2,999,12395,0
bf16,2,1000,2951,0
bf16,2,1001,9793,0
bf16,2,1002,16477,0
bf16,2,1003,3722,0
bf16,2,1004,15382,0
bf16,2,1005,11694,0
bf16,2,1006,6321,0
bf16,2,1007,6378,0
bf16,2,1008,13254,0
bf16,2,1009,16554,0
bf16,2,1010,4165,0
bf16,2,1011,16317,0
bf16,2,1012,11045,0
bf16,2,1013,15492,0
bf16,2,1014,3056,0
bf16,2,1015,6411,0
bf16,2,1016,11259,0
bf16,2,1017,5246,0
bf16,2,1018,10699,0
bf16,2,1019,17984,0
bf16,2,1020,9537,0
bf16,2,1021,10765,0
bf16,2,1022,11187,0
bf16,2,1023,11732,0
bf16,2,1024,15385,0
bf16,2,1025,12294,0
bf16,2,1026,13251,0
bf16,2,1027,11019,0
bf16,2,1028,2273,0
bf16,2,1029,4482,0
bf16,2,1030,16144,0
bf16,2,1031,14372,0
bf16,2,1032,17055,0
bf16,2,1033,7356,0
bf16,2,1034,16458,0
bf16,2,1035,4741,0
bf16,2,1036,14303,0
bf16,2,1037,1038,0
bf16,2,1038,16785,0
bf16,2,1039,12627,0
bf16,2,1040,2646,0
bf16,2,1041,15157,0
bf16,2,1042,16315,0
bf16,2,1043,6228,0
bf16,2,1044,7754,0
bf16,2,1045,15211,0
bf16,2,1046,1933,0
bf16,2,1047,6039,0
bf16,2,1048,16598,0
bf16,2,1049,25203,0
bf16,2,1050,5661,0
bf16,2,1051,14382,0
bf16,2,1052,1425,0
bf16,2,1053,14596,0
bf16,2,1054,14927,0
cq,0,0,7417,0
cq,0,1,15593,0
cq,0,2,31696,0
cq,0,3,31823,0
cq,0,4,32768,1
cq,0,5,13964,0
cq,0,6,28960,0
cq,0,7,20066,0
cq,0,8,32768,1
cq,0,9,7173,0
cq,0,10,9982,0
cq,0,11,21430,0
cq,0,12,7520,0
cq,0,13,6841,0
cq,0,14,6253,0
cq,0,15,22113,0
cq,0,16,10686,0
cq,0,17,22062,0
cq,0,18,25142,0
cq,0,19,19617,0
cq,0,20,12322,0
cq,0,21,32768,1
cq,0,22,3587,0
cq,0,23,6472,0
cq,0,24,16787,0
cq,0,25,21325,0
cq,0,26,18113,0
cq,0,27,8746,0
cq,0,28,11914,0
cq,0,29,17681,0
cq,0,30,18346,0
cq,0,31,4496,0
cq,0,32,14382,0
cq,0,33,32768,1
cq,0,34,32768,1
cq,0,35,19112,0
cq,0,36,9546,0
cq,0,37,28302,0
cq,0,38,30544,0
cq,0,39,6361,0
cq,0,40,12989,0
cq,0,41,20217,0
cq,0,42,2113,0
cq,0,43,4164,0
cq,0,44,6956,0
cq,0,45,20537,0
cq,0,46,22881,0
cq,0,47,23390,0
cq,0,48,32768,1
cq,0,49,8968,0
cq,0,50,27389,0
cq,0,51,24990,0
cq,0,52,10882,0
cq,0,53,9084,0
cq,0,54,10734,0
cq,0,55,15968,0
cq,0,56,10939,0
cq,0,57,9129,0
cq,0,58,9206,0
cq,0,59,595,0
cq,0,60,18753,0
cq,0,61,15587,0
cq,0,62,19829,0
cq,0,63,1639,0
cq,0,64,32768,1
cq,0,65,16742,0
cq,0,66,15645,0
cq,0,67,20045,0
cq,0,68,28201,0
cq,0,69,13793,0
cq,0,70,17142,0
cq,0,71,10532,0
cq,0,72,14630,0
cq,0,73,10444,0
cq,0,74,21432,0
cq,0,75,16448,0
cq,0,76,4489,0
cq,0,77,8595,0
cq,0,78,32768,1
cq,0,79,31713,0
cq,0,80,29310,0
cq,0,81,14838,0
cq,0,82,12060,0
cq,0,83,15237,0
cq,0,84,3524,0
cq,0,85,14442,0
cq,0,86,10458,0
cq,0,87,5271,0
cq,0,88,13032,0
cq,0,89,9761,0
cq,0,90,11104,0
cq,0,91,13409,0
cq,0,92,18646,0
cq,0,93,14845,0
cq,0,94,14735,0
cq,0,95,14116,0
cq,0,96,15742,0
cq,0,97,3499,0
cq,0,98,11713,0
cq,0,99,14024,0
cq,0,100,22088,0
cq,0,101,13575,0
cq,0,102,4686,0
cq,0,103,17023,0
cq,0,104,21582,0
cq,0,105,24772,0
cq,0,106,1134,0
cq,0,107,9969,0
cq,0,108,32768,1
cq,0,109,11627,0
cq,0,110,18313,0
cq,0,111,12615,0
cq,0,112,23406,0
cq,0,113,7629,0
cq,0,114,19388,0
cq,0,115,8242,0
cq,0,116,4112,0
cq,0,117,10112,0
cq,0,118,11759,0
cq,0,119,32768,1
cq,0,120,4800,0
cq,0,121,7155,0
cq,0,122,11509,0
cq,0,123,6215,0
cq,0,124,30664,0
cq,0,125,3879,0
cq,0,126,18454,0
cq,0,127,24993,0
cq,0,128,9289,0
cq,0,129,4903,0
cq,0,130,5378,0
cq,0,131,20306,0
cq,0,132,6401,0
cq,0,133,16431,0
cq,0,134,32768,1
cq,0,135,2105,0
cq,0,136,5040,0
cq,0,137,10578,0
cq,0,138,12557,0
cq,0,139,12510,0
cq,0,140,15863,0
cq,0,141,32026,0
cq,0,142,8682,0
cq,0,143,4963,0
cq,0,144,2818,0
cq,0,145,10706,0
cq,0,146,13904,0
cq,0,147,9289,0
cq,0,148,3654,0
cq,0,149,30296,0
cq,0,150,32131,0
cq,0,151,8774,0
cq,0,152,11823,0
cq,0,153,26185,0
cq,0,154,12466,0
cq,0,155,8951,0
cq,0,156,11873,0
cq,0,157,7710,0
cq,0,158,8137,0
cq,0,159,15953,0
cq,0,160,9795,0
cq,0,161,25476,0
cq,0,162,24849,0
cq,0,163,5556,0
cq,0,164,4535,0
cq,0,165,5633,0
cq,0,166,4034,0
cq,0,167,32768,1
cq,0,168,18620,0
cq,0,169,30607,0
cq,0,170,5023,0
cq,0,171,32768,1
cq,0,172,24117,0
cq,0,173,8155,0
cq,0,174,21754,0
cq,0,175,32768,1
cq,0,176,21853,0
cq,0,177,11148,0
cq,0,178,9097,0
cq,0,179,13631,0
cq,0,180,19515,0
cq,0,181,6396,0
cq,0,182,881,0
cq,0,183,4059,0
cq,0,184,20004,0
cq,0,185,9232,0
cq,0,186,10617,0
cq,0,187,6213,0
cq,0,188,5220,0
cq,0,189,24563,0
cq,0,190,17111,0
cq,0,191,21022,0
cq,0,192,32768,1
cq,0,193,32768,1
cq,0,194,31009,0
cq,0,195,32768,1
cq,0,196,9416,0
cq,0,197,32768,1
cq,0,198,20304,0
cq,0,199,21280,0
cq,0,200,29151,0
cq,0,201,32768,1
cq,0,202,18741,0
cq,0,203,28845,0
cq,0,204,31879,0
cq,0,205,32768,1
cq,0,206,24933,0
cq,0,207,9064,0
cq,0,208,17450,0
cq,0,209,25406,0
cq,0,210,31261,0
cq,0,211,32768,1
cq,0,212,14425,0
cq,0,213,4566,0
cq,0,214,29349,0
cq,0,215,25297,0
cq,0,216,30440,0
cq,0,217,5257,0
cq,0,218,15051,0
cq,0,219,21288,0
cq,0,220,32768,1
cq,0,221,20385,0
cq,0,222,11254,0
cq,0,223,15030,0
cq,0,224,27765,0
cq,0,225,32768,1
cq,0,226,19492,0
cq,0,227,15505,0
cq,0,228,11008,0
cq,0,229,32339,0
cq,0,230,32768,1
cq,0,231,32768,1
cq,0,232,14276,0
cq,0,233,6322,0
cq,0,234,21679,0
cq,0,235,31120,0
cq,0,236,32768,1
cq,0,237,32768,1
cq,0,238,4814,0
cq,0,239,25289,0
cq,0,240,6728,0
cq,0,241,29931,0
cq,0,242,22385,0
cq,0,243,32768,1
cq,0,244,3967,0
cq,0,245,12779,0
cq,0,246,27025,0
cq,0,247,24985,0
cq,0,248,32768,1
cq,0,249,595,0
cq,0,250,27641,0
cq,0,251,24067,0
cq,0,252,26745,0
cq,0,253,32768,1
cq,0,254,32058,0
cq,0,255,26725,0
cq,0,256,29614,0
cq,0,257,20862,0
cq,0,258,32768,1
cq,0,259,23183,0
cq,0,260,30886,0
cq,0,261,32768,1
cq,0,262,9614,0
cq,0,263,27703,0
cq,0,264,513,0
cq,0,265,14317,0
cq,0,266,24945,0
cq,0,267,30431,0
cq,0,268,32768,1
cq,0,269,32768,1
cq,0,270,8603,0
cq,0,271,32768,1
cq,0,272,19146,0
cq,0,273,32768,1
cq,0,274,23374,0
cq,0,275,17675,0
cq,0,276,32768,1
cq,0,277,32768,1
cq,0,278,12016,0
cq,0,279,1478,0
cq,0,280,8502,0
cq,0,281,32768,1
cq,0,282,32170,0
cq,0,283,26557,0
cq,0,284,7743,0
cq,0,285,15688,0
cq,0,286,25976,0
cq,0,287,23357,0
cq,0,288,32768,1
cq,0,289,9234,0
cq,0,290,11542,0
cq,0,291,16024,0
cq,0,292,26675,0
cq,0,293,32768,1
cq,0,294,13026,0
cq,0,295,24529,0
cq,0,296,32768,1
cq,0,297,32768,1
cq,0,298,12766,0
cq,0,299,7382,0
cq,0,300,2744,0
cq,0,301,32768,1
cq,0,302,32768,1
cq,0,303,32768,1
cq,0,304,32768,1
cq,0,305,6688,0
cq,0,306,32768,1
cq,0,307,32768,1
cq,0,308,32768,1
cq,0,309,32768,1
cq,0,310,17571,0
cq,0,311,3019,0
cq,0,312,9099,0
cq,0,313,25368,0
cq,0,314,30510,0
cq,0,315,32768,1
cq,0,316,5988,0
cq,0,317,18026,0
cq,0,318,9601,0
cq,0,319,32768,1
cq,0,320,32768,1
cq,0,321,8299,0
cq,0,322,13689,0
cq,0,323,32768,1
cq,0,324,10772,0
cq,0,325,32768,1
cq,0,326,228,0
cq,0,327,11205,0
cq,0,328,7458,0
cq,0,329,30429,0
cq,0,330,16188,0
cq,0,331,22113,0
cq,0,332,10776,0
cq,0,333,7947,0
cq,0,334,32768,1
cq,0,335,32768,1
cq,0,336,32768,1
cq,0,337,7190,0
cq,0,338,30318,0
cq,0,339,24702,0
cq,0,340,32768,1
cq,0,341,32768,1
cq,0,342,7558,0
cq,0,343,16116,0
cq,0,344,22802,0
cq,0,345,32768,1
cq,0,346,2248,0
cq,0,347,15764,0
cq,0,348,32768,1
cq,0,349,21744,0
cq,0,350,10602,0
cq,0,351,264,0
cq,0,352,23986,0
cq,0,353,31037,0
cq,0,354,32768,1
cq,0,355,32768,1
cq,0,356,959,0
cq,0,357,8782,0
cq,0,358,32768,1
cq,0,359,32768,1
cq,0,360,724,0
cq,0,361,3324,0
cq,0,362,20516,0
cq,0,363,32768,1
cq,0,364,4582,0
cq,0,365,24099,0
cq,0,366,22396,0
cq,0,367,32768,1
cq,0,368,32768,1
cq,0,369,4420,0
cq,0,370,4803,0
cq,0,371,32768,1
cq,0,372,32768,1
cq,0,373,25808,0
cq,0,374,32768,1
cq,0,375,3618,0
cq,0,376,31699,0
cq,0,377,25200,0
cq,0,378,17889,0
cq,0,379,12494,0
cq,0,380,9549,0
cq,0,381,32768,1
cq,0,382,19973,0
cq,0,383,14276,0
cq,0,384,5058,0
cq,0,385,32768,1
cq,0,386,32768,1
cq,0,387,8803,0
cq,0,388,31552,0
cq,0,389,26985,0
cq,0,390,7868,0
cq,0,391,7989,0
cq,0,392,32768,1
cq,0,393,32768,1
cq,0,394,29024,0
cq,0,395,5757,0
cq,0,396,18784,0
cq,0,397,18518,0
cq,0,398,32768,1
cq,0,399,13575,0
cq,0,400,29140,0
cq,0,401,1384,0
cq,0,402,17237,0
cq,0,403,14530,0
cq,0,404,27992,0
cq,0,405,32768,1
cq,0,406,11369,0
cq,0,407,28673,0
cq,0,408,32768,1
cq,0,409,32768,1
cq,0,410,9641,0
cq,0,411,7400,0
cq,0,412,32768,1
cq,0,413,10417,0
cq,0,414,32768,1
cq,0,415,4394,0
cq,0,416,10374,0
cq,0,417,15954,0
cq,0,418,863,0
cq,0,419,27768,0
cq,0,420,30029,0
cq,0,421,32768,1
cq,0,422,13485,0
cq,0,423,11880,0
cq,0,424,32768,1
cq,0,425,11627,0
cq,0,426,8501,0
cq,0,427,19329,0
cq,0,428,6847,0
cq,0,429,32768,1
cq,0,430,18650,0
cq,0,431,15185,0
cq,0,432,7894,0
cq,0,433,28945,0
cq,0,434,32768,1
cq,0,435,14046,0
cq,0,436,32768,1
cq,0,437,28644,0
cq,0,438,12135,0
cq,0,439,22591,0
cq,0,440,17896,0
cq,0,441,28073,0
cq,0,442,32768,1
cq,0,443,21640,0
cq,0,444,13302,0
cq,0,445,24612,0
cq,0,446,32768,1
cq,0,447,8083,0
cq,0,448,7116,0
cq,0,449,32768,1
cq,0,450,32408,0
cq,0,451,15618,0
cq,0,452,12489,0
cq,0,453,12547,0
cq,0,454,32768,1
cq,0,455,2552,0
cq,0,456,31254,0
cq,0,457,929,0
cq,0,458,8500,0
cq,0,459,20330,0
cq,0,460,12257,0
cq,0,461,7640,0
cq,0,462,3251,0
cq,0,463,16819,0
cq,0,464,23223,0
cq,0,465,4553,0
cq,0,466,12997,0
cq,0,467,23834,0
cq,0,468,13604,0
cq,0,469,9975,0
cq,0,470,8729,0
cq,0,471,20848,0
cq,0,472,4869,0
cq,0,473,14335,0
cq,0,474,16814,0
cq,0,475,25168,0
cq,0,476,18928,0
cq,0,477,25840,0
cq,0,478,8266,0
cq,0,479,2961,0
cq,0,480,11055,0
cq,0,481,24552,0
cq,0,482,13426,0
cq,0,483,5585,0
cq,0,484,7112,0
cq,0,485,32768,1
cq,0,486,3863,0
cq,0,487,17636,0
cq,0,488,4222,0
cq,0,489,7267,0
cq,0,490,32768,1
cq,0,491,14906,0
cq,0,492,16730,0
cq,0,493,6155,0
cq,0,494,8718,0
cq,0,495,20003,0
cq,0,496,6228,0
cq,0,497,32768,1
cq,0,498,32768,1
cq,0,499,3314,0
cq,0,500,9250,0
cq,0,501,1209,0
cq,0,502,5967,0
cq,0,503,21293,0
cq,0,504,6033,0
cq,0,505,11166,0
cq,0,506,15225,0
cq,0,507,19182,0
cq,0,508,16925,0
cq,0,509,3109,0
cq,0,510,6321,0
cq,0,511,4616,0
cq,0,512,32768,1
cq,0,513,19236,0
cq,0,514,32768,1
cq,0,515,8523,0
cq,0,516,32768,1
cq,0,517,29377,0
cq,0,518,25069,0
cq,0,519,8124,0
cq,0,520,32768,1
cq,0,521,31845,0
cq,0,522,16258,0
cq,0,523,22167,0
cq,0,524,32768,1
cq,0,525,2886,0
cq,0,526,32768,1
cq,0,527,8680,0
cq,0,528,23995,0
cq,0,529,2688,0
cq,0,530,32768,1
cq,0,531,9745,0
cq,0,532,32768,1
cq,0,533,26200,0
cq,0,534,6125,0
cq,0,535,32768,1
cq,0,536,13392,0
cq,0,537,30023,0
cq,0,538,2075,0
cq,0,539,32768,1
cq,0,540,19024,0
cq,0,541,32768,1
cq,0,542,32768,1
cq,0,543,32218,0
cq,0,544,20187,0
cq,0,545,2242,0
cq,0,546,8302,0
cq,0,547,6922,0
cq,0,548,29371,0
cq,0,549,17037,0
cq,0,550,16780,0
cq,0,551,32768,1
cq,0,552,28021,0
cq,0,553,31050,0
cq,0,554,20972,0
cq,0,555,23157,0
cq,0,556,30049,0
cq,0,557,15793,0
cq,0,558,20584,0
cq,0,559,17182,0
cq,0,560,1209,0
cq,0,561,22936,0
cq,0,562,27441,0
cq,0,563,32768,1
cq,0,564,6437,0
cq,0,565,9980,0
cq,0,566,21278,0
cq,0,567,7294,0
cq,0,568,10083,0
cq,0,569,29111,0
cq,0,570,12273,0
cq,0,571,26895,0
cq,0,572,18193,0
cq,0,573,15814,0
cq,0,574,4087,0
cq,0,575,26826,0
cq,0,576,8831,0
cq,0,577,11751,0
cq,0,578,32768,1
cq,0,579,10125,0
cq,0,580,12730,0
cq,0,581,19585,0
cq,0,582,13567,0
cq,0,583,7851,0
cq,0,584,15601,0
cq,0,585,10238,0
cq,0,586,15284,0
cq,0,587,19293,0
cq,0,588,10816,0
cq,0,589,8081,0
cq,0,590,22002,0
cq,0,591,12547,0
cq,0,592,32768,1
cq,0,593,16568,0
cq,0,594,32768,1
cq,0,595,2366,0
cq,0,596,20777,0
cq,0,597,23723,0
cq,0,598,20507,0
cq,0,599,31445,0
cq,0,600,4317,0
cq,0,601,32768,1
cq,0,602,17872,0
cq,0,603,5973,0
cq,0,604,31614,0
cq,0,605,13441,0
cq,0,606,14407,0
cq,0,607,14786,0
cq,0,608,32768,1
cq,0,609,6567,0
cq,0,610,6476,0
cq,0,611,32768,1
cq,0,612,32768,1
cq,0,613,15953,0
cq,0,614,26073,0
cq,0,615,27821,0
cq,0,616,5042,0
cq,0,617,17229,0
cq,0,618,9409,0
cq,0,619,32768,1
cq,0,620,24608,0
cq,0,621,14098,0
cq,0,622,16664,0
cq,0,623,20538,0
cq,0,624,32768,1
cq,0,625,24592,0
cq,0,626,24183,0
cq,0,627,16613,0
cq,0,628,18797,0
cq,0,629,32768,1
cq,0,630,16907,0
cq,0,631,32768,1
cq,0,632,29836,0
cq,0,633,21170,0
cq,0,634,28615,0
cq,0,635,19971,0
cq,0,636,16459,0
cq,0,637,7788,0
cq,0,638,25498,0
cq,0,639,1034,0
cq,0,640,18983,0
cq,0,641,27535,0
cq,0,642,32768,1
cq,0,643,32768,1
cq,0,644,12060,0
cq,0,645,16413,0
cq,0,646,7182,0
cq,0,647,32768,1
cq,0,648,32768,1
cq,0,649,12993,0
cq,0,650,29471,0
cq,0,651,32768,1
cq,0,652,24068,0
cq,0,653,32768,1
cq,0,654,32768,1
cq,0,655,32768,1
cq,0,656,31687,0
cq,0,657,14122,0
cq,0,658,478,0
cq,0,659,3568,0
cq,0,660,7173,0
cq,0,661,30692,0
cq,0,662,32768,1
cq,0,663,6841,0
cq,0,664,22461,0
cq,0,665,19107,0
cq,0,666,28960,0
cq,0,667,29915,0
cq,0,668,17455,0
cq,0,669,22746,0
cq,0,670,32768,1
cq,0,671,13024,0
cq,0,672,20481,0
cq,0,673,21409,0
cq,0,674,10856,0
cq,0,675,32768,1
cq,0,676,11764,0
cq,0,677,9862,0
cq,0,678,12394,0
cq,0,679,6871,0
cq,0,680,18381,0
cq,0,681,9869,0
cq,0,682,20855,0
cq,0,683,17331,0
cq,0,684,29799,0
cq,0,685,10524,0
cq,0,686,8970,0
cq,0,687,20605,0
cq,0,688,9056,0
cq,0,689,17427,0
cq,0,690,25412,0
cq,0,691,30480,0
cq,0,692,27573,0
cq,0,693,12530,0
cq,0,694,22963,0
cq,0,695,18127,0
cq,0,696,5003,0
cq,0,697,13955,0
cq,0,698,14575,0
cq,0,699,22555,0
cq,0,700,21144,0
cq,0,701,18227,0
cq,0,702,2115,0
cq,0,703,19781,0
cq,0,704,32768,1
cq,0,705,23874,0
cq,0,706,16130,0
cq,0,707,17791,0
cq,0,708,14867,0
cq,0,709,9118,0
cq,0,710,17846,0
cq,0,711,12295,0
cq,0,712,19511,0
cq,0,713,20760,0
cq,0,714,32768,1
cq,0,715,11740,0
cq,0,716,19064,0
cq,0,717,26398,0
cq,0,718,553,0
cq,0,719,29703,0
cq,0,720,19659,0
cq,0,721,21955,0
cq,0,722,32768,1
cq,0,723,7681,0
cq,0,724,13919,0
cq,0,725,32768,1
cq,0,726,32768,1
cq,0,727,14790,0
cq,0,728,32768,1
cq,0,729,26077,0
cq,0,730,12032,0
cq,0,731,15083,0
cq,0,732,32768,1
cq,0,733,32768,1
cq,0,734,25463,0
cq,0,735,23599,0
cq,0,736,1874,0
cq,0,737,32768,1
cq,0,738,15762,0
cq,0,739,32768,1
cq,0,740,32768,1
cq,0,741,32768,1
cq,0,742,32768,1
cq,0,743,32768,1
cq,0,744,28316,0
cq,0,745,32768,1
cq,0,746,4190,0
cq,0,747,18943,0
cq,0,748,25219,0
cq,0,749,26797,0
cq,0,750,27439,0
cq,0,751,32768,1
cq,0,752,32768,1
cq,0,753,32768,1
cq,0,754,13699,0
cq,0,755,22833,0
cq,0,756,17015,0
cq,0,757,32768,1
cq,0,758,32768,1
cq,0,759,10526,0
cq,0,760,11446,0
cq,0,761,8876,0
cq,0,762,16000,0
cq,0,763,32768,1
cq,0,764,16030,0
cq,0,765,21118,0
cq,0,766,32768,1
cq,0,767,32221,0
cq,0,768,7083,0
cq,0,769,14998,0
cq,0,770,20889,0
cq,0,771,22272,0
cq,0,772,32768,1
cq,0,773,27160,0
cq,0,774,7949,0
cq,0,775,25359,0
cq,0,776,23168,0
cq,0,777,32768,1
cq,0,778,24842,0
cq,0,779,25797,0
cq,0,780,20676,0
cq,0,781,13788,0
cq,0,782,13005,0
cq,0,783,10346,0
cq,0,784,12537,0
cq,0,785,28838,0
cq,0,786,22262,0
cq,0,787,31625,0
cq,0,788,32768,1
cq,0,789,21143,0
cq,0,790,24091,0
cq,0,791,23018,0
cq,0,792,16924,0
cq,0,793,32768,1
cq,0,794,32768,1
cq,0,795,20930,0
cq,0,796,32768,1
cq,0,797,29729,0
cq,0,798,16082,0
cq,0,799,18759,0
cq,0,800,21945,0
cq,0,801,21700,0
cq,0,802,13139,0
cq,0,803,25878,0
cq,0,804,21662,0
cq,0,805,12025,0
cq,0,806,29194,0
cq,0,807,15756,0
cq,0,808,13509,0
cq,0,809,32768,1
cq,0,810,8893,0
cq,0,811,32768,1
cq,0,812,19364,0
cq,0,813,32017,0
cq,0,814,22650,0
cq,0,815,19428,0
cq,0,816,32768,1
cq,0,817,28601,0
cq,0,818,15878,0
cq,0,819,32768,1
cq,0,820,16817,0
cq,0,821,15373,0
cq,0,822,15573,0
cq,0,823,21084,0
cq,0,824,12151,0
cq,0,825,24380,0
cq,0,826,20765,0
cq,0,827,1691,0
cq,0,828,22853,0
cq,0,829,21111,0
cq,0,830,8910,0
cq,0,831,32768,1
cq,0,832,23277,0
cq,0,833,23358,0
cq,0,834,16525,0
cq,0,835,10647,0
cq,0,836,12207,0
cq,0,837,27925,0
cq,0,838,17263,0
cq,0,839,32768,1
cq,0,840,12576,0
cq,0,841,32768,1
cq,0,842,32768,1
cq,0,843,18504,0
cq,0,844,13431,0
cq,0,845,31759,0
cq,0,846,11153,0
cq,0,847,12004,0
cq,0,848,20310,0
cq,0,849,7457,0
cq,0,850,11638,0
cq,0,851,11658,0
cq,0,852,7274,0
cq,0,853,32768,1
cq,0,854,32768,1
cq,0,855,16512,0
cq,0,856,14206,0
cq,0,857,13235,0
cq,0,858,20944,0
cq,0,859,8477,0
cq,0,860,25066,0
cq,0,861,29160,0
cq,0,862,12242,0
cq,0,863,8136,0
cq,0,864,16374,0
cq,0,865,10639,0
cq,0,866,16637,0
cq,0,867,18638,0
cq,0,868,22802,0
cq,0,869,1935,0
cq,0,870,24250,0
cq,0,871,12484,0
cq,0,872,21897,0
cq,0,873,13761,0
cq,0,874,32768,1
cq,0,875,15737,0
cq,0,876,12368,0
cq,0,877,7398,0
cq,0,878,15033,0
cq,0,879,12192,0
cq,0,880,12807,0
cq,0,881,32768,1
cq,0,882,525,0
cq,0,883,19104,0
cq,0,884,32768,1
cq,0,885,11191,0
cq,0,886,32768,1
cq,0,887,32768,1
cq,0,888,481,0
cq,0,889,13922,0
cq,0,890,15596,0
cq,0,891,32768,1
cq,0,892,12569,0
cq,0,893,549,0
cq,0,894,16527,0
cq,0,895,17001,0
cq,0,896,28606,0
cq,0,897,28687,0
cq,0,898,32768,1
cq,0,899,9526,0
cq,0,900,15360,0
cq,0,901,15014,0
cq,0,902,16741,0
cq,0,903,25862,0
cq,0,904,19028,0
cq,0,905,32768,1
cq,0,906,796,0
cq,0,907,21960,0
cq,0,908,32768,1
cq,0,909,13563,0
cq,0,910,6548,0
cq,0,911,27842,0
cq,0,912,11545,0
cq,0,913,32768,1
cq,0,914,11408,0
cq,0,915,26993,0
cq,0,916,4313,0
cq,0,917,12429,0
cq,0,918,32768,1
cq,0,919,14415,0
cq,0,920,10826,0
cq,0,921,32768,1
cq,0,922,2087,0
cq,0,923,27367,0
cq,0,924,4305,0
cq,0,925,16423,0
cq,0,926,26961,0
cq,0,927,32768,1
cq,0,928,22556,0
cq,0,929,32768,1
cq,0,930,32768,1
cq,0,931,9730,0
cq,0,932,29943,0
cq,0,933,32768,1
cq,0,934,32768,1
cq,0,935,32768,1
cq,0,936,17609,0
cq,0,937,20082,0
cq,0,938,32768,1
cq,0,939,6310,0
cq,0,940,32768,1
cq,0,941,27813,0
cq,0,942,20058,0
cq,0,943,19282,0
cq,0,944,21385,0
cq,0,945,733,0
cq,0,946,32768,1
cq,0,947,26293,0
cq,0,948,14720,0
cq,0,949,32768,1
cq,0,950,14128,0
cq,0,951,18458,0
cq,0,952,25778,0
cq,0,953,24254,0
cq,0,954,20861,0
cq,0,955,8626,0
cq,0,956,8882,0
cq,0,957,32768,1
cq,0,958,17174,0
cq,0,959,25713,0
cq,0,960,13840,0
cq,0,961,1918,0
cq,0,962,32768,1
cq,0,963,32768,1
cq,0,964,28740,0
cq,0,965,18301,0
cq,0,966,15898,0
cq,0,967,30864,0
cq,0,968,12868,0
cq,0,969,20284,0
cq,0,970,32768,1
cq,0,971,32768,1
cq,0,972,10666,0
cq,0,973,30053,0
cq,0,974,32768,1
cq,0,975,20825,0
cq,0,976,12231,0
cq,0,977,17608,0
cq,0,978,32768,1
cq,0,979,32768,1
cq,0,980,29243,0
cq,0,981,30818,0
cq,0,982,12495,0
cq,0,983,32768,1
cq,0,984,24444,0
cq,0,985,22056,0
cq,0,986,22711,0
cq,0,987,19140,0
cq,0,988,14184,0
cq,0,989,24663,0
cq,0,990,21506,0
cq,0,991,16992,0
cq,0,992,12805,0
cq,0,993,32768,1
cq,0,994,28319,0
cq,0,995,15717,0
cq,0,996,3573,0
cq,0,997,23462,0
cq,0,998,25292,0
cq,0,999,13989,0
cq,0,1000,7137,0
cq,0,1001,15456,0
cq,0,1002,17550,0
cq,0,1003,6320,0
cq,0,1004,32768,1
cq,0,1005,21127,0
cq,0,1006,14288,0
cq,0,1007,11974,0
cq,0,1008,32768,1
cq,0,1009,14810,0
cq,0,1010,8693,0
cq,0,1011,32768,1
cq,0,1012,28383,0
cq,0,1013,10247,0
cq,0,1014,10622,0
cq,0,1015,10187,0
cq,0,1016,11873,0
cq,0,1017,31332,0
cq,0,1018,22882,0
cq,0,1019,21384,0
cq,0,1020,12581,0
cq,0,1021,32768,1
cq,0,1022,7338,0
cq,0,1023,17137,0
cq,0,1024,21109,0
cq,0,1025,32768,1
cq,0,1026,16553,0
cq,0,1027,21910,0
cq,0,1028,1910,0
cq,0,1029,6752,0
cq,0,1030,21221,0
cq,0,1031,27479,0
cq,0,1032,25817,0
cq,0,1033,22140,0
cq,0,1034,11152,0
cq,0,1035,7145,0
cq,0,1036,8632,0
cq,0,1037,32768,1
cq,0,1038,17332,0
cq,0,1039,18915,0
cq,0,1040,12030,0
cq,0,1041,11714,0
cq,0,1042,14417,0
cq,0,1043,6459,0
cq,0,1044,11250,0
cq,0,1045,20441,0
cq,0,1046,8096,0
cq,0,1047,15557,0
cq,0,1048,16871,0
cq,0,1049,16973,0
cq,0,1050,9363,0
cq,0,1051,12003,0
cq,0,1052,6200,0
cq,0,1053,13777,0
cq,0,1054,19434,0
cq,1,0,8396,0
cq,1,1,11679,0
cq,1,2,13840,0
cq,1,3,30440,0
cq,1,4,32768,1
cq,1,5,23149,0
cq,1,6,22511,0
cq,1,7,24357,0
cq,1,8,28444,0
cq,1,9,10318,0
cq,1,10,16743,0
cq,1,11,32768,1
cq,1,12,4122,0
cq,1,13,9117,0
cq,1,14,8014,0
cq,1,15,24149,0
cq,1,16,9274,0
cq,1,17,23982,0
cq,1,18,29303,0
cq,1,19,32768,1
cq,1,20,9202,0
cq,1,21,15288,0
cq,1,22,4459,0
cq,1,23,5290,0
cq,1,24,14867,0
cq,1,25,12568,0
cq,1,26,17727,0
cq,1,27,8296,0
cq,1,28,8453,0
cq,1,29,25324,0
cq,1,30,16808,0
cq,1,31,5024,0
cq,1,32,15441,0
cq,1,33,32768,1
cq,1,34,16747,0
cq,1,35,18539,0
cq,1,36,10319,0
cq,1,37,30394,0
cq,1,38,23766,0
cq,1,39,12649,0
cq,1,40,10692,0
cq,1,41,14510,0
cq,1,42,1278,0
cq,1,43,3968,0
cq,1,44,5929,0
cq,1,45,15828,0
cq,1,46,17074,0
cq,1,47,32768,1
cq,1,48,14412,0
cq,1,49,11288,0
cq,1,50,16503,0
cq,1,51,14711,0
cq,1,52,11196,0
cq,1,53,9273,0
cq,1,54,12873,0
cq,1,55,16990,0
cq,1,56,10768,0
cq,1,57,16497,0
cq,1,58,8761,0
cq,1,59,592,0
cq,1,60,10304,0
cq,1,61,16211,0
cq,1,62,19991,0
cq,1,63,2695,0
cq,1,64,32768,1
cq,1,65,17595,0
cq,1,66,22960,0
cq,1,67,19385,0
cq,1,68,19686,0
cq,1,69,15163,0
cq,1,70,23204,0
cq,1,71,4605,0
cq,1,72,28678,0
cq,1,73,12326,0
cq,1,74,24325,0
cq,1,75,32768,1
cq,1,76,1960,0
cq,1,77,11844,0
cq,1,78,14318,0
cq,1,79,23884,0
cq,1,80,17816,0
cq,1,81,13988,0
cq,1,82,5685,0
cq,1,83,4743,0
cq,1,84,11125,0
cq,1,85,13840,0
cq,1,86,9092,0
cq,1,87,9524,0
cq,1,88,22310,0
cq,1,89,9612,0
cq,1,90,15321,0
cq,1,91,14122,0
cq,1,92,24640,0
cq,1,93,14248,0
cq,1,94,15971,0
cq,1,95,12343,0
cq,1,96,16987,0
cq,1,97,6445,0
cq,1,98,7373,0
cq,1,99,16916,0
cq,1,100,21432,0
cq,1,101,14048,0
cq,1,102,3660,0
cq,1,103,8399,0
cq,1,104,24706,0
cq,1,105,24421,0
cq,1,106,2918,0
cq,1,107,12836,0
cq,1,108,21308,0
cq,1,109,32768,1
cq,1,110,8996,0
cq,1,111,24667,0
cq,1,112,12658,0
cq,1,113,13786,0
cq,1,114,31375,0
cq,1,115,5363,0
cq,1,116,3077,0
cq,1,117,19088,0
cq,1,118,11659,0
cq,1,119,21926,0
cq,1,120,12567,0
cq,1,121,10996,0
cq,1,122,6597,0
cq,1,123,8971,0
cq,1,124,32768,1
cq,1,125,4659,0
cq,1,126,30899,0
cq,1,127,21147,0
cq,1,128,6820,0
cq,1,129,763,0
cq,1,130,3738,0
cq,1,131,11928,0
cq,1,132,8274,0
cq,1,133,15171,0
cq,1,134,19176,0
cq,1,135,1275,0
cq,1,136,6843,0
cq,1,137,11545,0
cq,1,138,7948,0
cq,1,139,18849,0
cq,1,140,32768,1
cq,1,141,25845,0
cq,1,142,10482,0
cq,1,143,3423,0
cq,1,144,1382,0
cq,1,145,10908,0
cq,1,146,29856,0
cq,1,147,6815,0
cq,1,148,4914,0
cq,1,149,7585,0
cq,1,150,29497,0
cq,1,151,25221,0
cq,1,152,14129,0
cq,1,153,19761,0
cq,1,154,22800,0
cq,1,155,16466,0
cq,1,156,17308,0
cq,1,157,6904,0
cq,1,158,12315,0
cq,1,159,29036,0
cq,1,160,4898,0
cq,1,161,20031,0
cq,1,162,18198,0
cq,1,163,6885,0
cq,1,164,4831,0
cq,1,165,4977,0
cq,1,166,5484,0
cq,1,167,32768,1
cq,1,168,20245,0
cq,1,169,18367,0
cq,1,170,5955,0
cq,1,171,25351,0
cq,1,172,11771,0
cq,1,173,4866,0
cq,1,174,6843,0
cq,1,175,10433,0
cq,1,176,17404,0
cq,1,177,8119,0
cq,1,178,23627,0
cq,1,179,18753,0
cq,1,180,31899,0
cq,1,181,7702,0
cq,1,182,3300,0
cq,1,183,2778,0
cq,1,184,27097,0
cq,1,185,10732,0
cq,1,186,11460,0
cq,1,187,6173,0
cq,1,188,5256,0
cq,1,189,7750,0
cq,1,190,19940,0
cq,1,191,31223,0
cq,1,192,32768,1
cq,1,193,25157,0
cq,1,194,32768,1
cq,1,195,32768,1
cq,1,196,9109,0
cq,1,197,32768,1
cq,1,198,19815,0
cq,1,199,22599,0
cq,1,200,31518,0
cq,1,201,32768,1
cq,1,202,21502,0
cq,1,203,12146,0
cq,1,204,17013,0
cq,1,205,32768,1
cq,1,206,28056,0
cq,1,207,10092,0
cq,1,208,32768,1
cq,1,209,17608,0
cq,1,210,32768,1
cq,1,211,32768,1
cq,1,212,9842,0
cq,1,213,2312,0
cq,1,214,25582,0
cq,1,215,32768,1
cq,1,216,29541,0
cq,1,217,8968,0
cq,1,218,32768,1
cq,1,219,26281,0
cq,1,220,32768,1
cq,1,221,15499,0
cq,1,222,2747,0
cq,1,223,12319,0
cq,1,224,32768,1
cq,1,225,21383,0
cq,1,226,23174,0
cq,1,227,14740,0
cq,1,228,9558,0
cq,1,229,32768,1
cq,1,230,32768,1
cq,1,231,32768,1
cq,1,232,21834,0
cq,1,233,5752,0
cq,1,234,25025,0
cq,1,235,27686,0
cq,1,236,32768,1
cq,1,237,24287,0
cq,1,238,4085,0
cq,1,239,25646,0
cq,1,240,7841,0
cq,1,241,10918,0
cq,1,242,20428,0
cq,1,243,32768,1
cq,1,244,7210,0
cq,1,245,16228,0
cq,1,246,32768,1
cq,1,247,27366,0
cq,1,248,32768,1
cq,1,249,205,0
cq,1,250,32768,1
cq,1,251,21842,0
cq,1,252,24855,0
cq,1,253,32768,1
cq,1,254,32768,1
cq,1,255,19433,0
cq,1,256,14482,0
cq,1,257,32768,1
cq,1,258,32768,1
cq,1,259,17966,0
cq,1,260,32768,1
cq,1,261,31241,0
cq,1,262,11311,0
cq,1,263,32768,1
cq,1,264,1452,0
cq,1,265,17000,0
cq,1,266,30398,0
cq,1,267,32768,1
cq,1,268,32768,1
cq,1,269,32768,1
cq,1,270,8009,0
cq,1,271,32768,1
cq,1,272,18913,0
cq,1,273,32768,1
cq,1,274,19221,0
cq,1,275,20508,0
cq,1,276,15542,0
cq,1,277,24259,0
cq,1,278,32768,1
cq,1,279,1461,0
cq,1,280,14298,0
cq,1,281,32768,1
cq,1,282,32768,1
cq,1,283,15987,0
cq,1,284,6765,0
cq,1,285,16977,0
cq,1,286,32768,1
cq,1,287,28873,0
cq,1,288,20646,0
cq,1,289,8214,0
cq,1,290,10396,0
cq,1,291,19532,0
cq,1,292,16227,0
cq,1,293,30592,0
cq,1,294,15353,0
cq,1,295,25162,0
cq,1,296,32768,1
cq,1,297,32768,1
cq,1,298,16715,0
cq,1,299,6004,0
cq,1,300,2615,0
cq,1,301,32768,1
cq,1,302,32768,1
cq,1,303,32768,1
cq,1,304,17987,0
cq,1,305,6931,0
cq,1,306,32768,1
cq,1,307,32768,1
cq,1,308,25127,0
cq,1,309,32768,1
cq,1,310,13014,0
cq,1,311,2993,0
cq,1,312,7976,0
cq,1,313,23455,0
cq,1,314,15998,0
cq,1,315,32768,1
cq,1,316,8354,0
cq,1,317,7887,0
cq,1,318,20352,0
cq,1,319,32768,1
cq,1,320,32768,1
cq,1,321,7280,0
cq,1,322,23963,0
cq,1,323,32768,1
cq,1,324,7952,0
cq,1,325,32768,1
cq,1,326,704,0
cq,1,327,10660,0
cq,1,328,13574,0
cq,1,329,29429,0
cq,1,330,20244,0
cq,1,331,32768,1
cq,1,332,590,0
cq,1,333,10007,0
cq,1,334,32768,1
cq,1,335,15244,0
cq,1,336,32768,1
cq,1,337,6501,0
cq,1,338,16068,0
cq,1,339,22206,0
cq,1,340,32768,1
cq,1,341,32768,1
cq,1,342,7837,0
cq,1,343,8706,0
cq,1,344,16606,0
cq,1,345,32768,1
cq,1,346,629,0
cq,1,347,10694,0
cq,1,348,32768,1
cq,1,349,20893,0
cq,1,350,14950,0
cq,1,351,200,0
cq,1,352,27564,0
cq,1,353,28858,0
cq,1,354,32768,1
cq,1,355,26557,0
cq,1,356,679,0
cq,1,357,8464,0
cq,1,358,32768,1
cq,1,359,26499,0
cq,1,360,766,0
cq,1,361,4072,0
cq,1,362,28067,0
cq,1,363,32768,1
cq,1,364,1412,0
cq,1,365,14640,0
cq,1,366,22914,0
cq,1,367,32768,1
cq,1,368,10383,0
cq,1,369,4198,0
cq,1,370,5796,0
cq,1,371,32768,1
cq,1,372,30498,0
cq,1,373,32768,1
cq,1,374,32768,1
cq,1,375,5246,0
cq,1,376,32768,1
cq,1,377,7562,0
cq,1,378,32768,1
cq,1,379,20592,0
cq,1,380,12969,0
cq,1,381,13469,0
cq,1,382,11937,0
cq,1,383,30927,0
cq,1,384,2312,0
cq,1,385,30851,0
cq,1,386,29504,0
cq,1,387,14576,0
cq,1,388,29203,0
cq,1,389,19551,0
cq,1,390,6315,0
cq,1,391,16747,0
cq,1,392,32768,1
cq,1,393,32768,1
cq,1,394,15175,0
cq,1,395,7687,0
cq,1,396,14484,0
cq,1,397,17710,0
cq,1,398,32768,1
cq,1,399,9177,0
cq,1,400,18874,0
cq,1,401,3433,0
cq,1,402,19095,0
cq,1,403,10916,0
cq,1,404,26682,0
cq,1,405,32768,1
cq,1,406,8784,0
cq,1,407,32768,1
cq,1,408,27741,0
cq,1,409,32768,1
cq,1,410,8833,0
cq,1,411,6205,0
cq,1,412,23899,0
cq,1,413,5364,0
cq,1,414,32768,1
cq,1,415,3816,0
cq,1,416,14995,0
cq,1,417,14421,0
cq,1,418,879,0
cq,1,419,16142,0
cq,1,420,29445,0
cq,1,421,17337,0
cq,1,422,5016,0
cq,1,423,27332,0
cq,1,424,29375,0
cq,1,425,6723,0
cq,1,426,7265,0
cq,1,427,27181,0
cq,1,428,10538,0
cq,1,429,26695,0
cq,1,430,32768,1
cq,1,431,11699,0
cq,1,432,14765,0
cq,1,433,32768,1
cq,1,434,19325,0
cq,1,435,22922,0
cq,1,436,32768,1
cq,1,437,32768,1
cq,1,438,9354,0
cq,1,439,9775,0
cq,1,440,19564,0
cq,1,441,21914,0
cq,1,442,18820,0
cq,1,443,15586,0
cq,1,444,32330,0
cq,1,445,28267,0
cq,1,446,21145,0
cq,1,447,5381,0
cq,1,448,9133,0
cq,1,449,32768,1
cq,1,450,24814,0
cq,1,451,19760,0
cq,1,452,22870,0
cq,1,453,26330,0
cq,1,454,32768,1
cq,1,455,10607,0
cq,1,456,10862,0
cq,1,457,3987,0
cq,1,458,5059,0
cq,1,459,12908,0
cq,1,460,26110,0
cq,1,461,8674,0
cq,1,462,2517,0
cq,1,463,26361,0
cq,1,464,16565,0
cq,1,465,5213,0
cq,1,466,6558,0
cq,1,467,14854,0
cq,1,468,25860,0
cq,1,469,10928,0
cq,1,470,8222,0
cq,1,471,29285,0
cq,1,472,6376,0
cq,1,473,18066,0
cq,1,474,17303,0
cq,1,475,9200,0
cq,1,476,7123,0
cq,1,477,17628,0
cq,1,478,17661,0
cq,1,479,7340,0
cq,1,480,15196,0
cq,1,481,18375,0
cq,1,482,21457,0
cq,1,483,13476,0
cq,1,484,11155,0
cq,1,485,15505,0
cq,1,486,712,0
cq,1,487,32768,1
cq,1,488,6564,0
cq,1,489,7594,0
cq,1,490,31817,0
cq,1,491,18031,0
cq,1,492,12749,0
cq,1,493,4054,0
cq,1,494,13770,0
cq,1,495,24425,0
cq,1,496,6604,0
cq,1,497,5321,0
cq,1,498,32768,1
cq,1,499,2396,0
cq,1,500,7650,0
cq,1,501,1386,0
cq,1,502,6572,0
cq,1,503,13847,0
cq,1,504,3063,0
cq,1,505,24547,0
cq,1,506,11630,0
cq,1,507,15256,0
cq,1,508,18195,0
cq,1,509,2815,0
cq,1,510,1301,0
cq,1,511,11667,0
cq,1,512,26769,0
cq,1,513,30579,0
cq,1,514,32768,1
cq,1,515,12588,0
cq,1,516,32768,1
cq,1,517,25236,0
cq,1,518,32768,1
cq,1,519,6049,0
cq,1,520,32768,1
cq,1,521,32768,1
cq,1,522,26669,0
cq,1,523,11526,0
cq,1,524,13694,0
cq,1,525,563,0
cq,1,526,23009,0
cq,1,527,28115,0
cq,1,528,25664,0
cq,1,529,1008,0
cq,1,530,32768,1
cq,1,531,16255,0
cq,1,532,32768,1
cq,1,533,30571,0
cq,1,534,2212,0
cq,1,535,30921,0
cq,1,536,14078,0
cq,1,537,14659,0
cq,1,538,7324,0
cq,1,539,31814,0
cq,1,540,15549,0
cq,1,541,32768,1
cq,1,542,32768,1
cq,1,543,32768,1
cq,1,544,27895,0
cq,1,545,2596,0
cq,1,546,5155,0
cq,1,547,5092,0
cq,1,548,19233,0
cq,1,549,13368,0
cq,1,550,17156,0
cq,1,551,32768,1
cq,1,552,23952,0
cq,1,553,32768,1
cq,1,554,32768,1
cq,1,555,32768,1
cq,1,556,14451,0
cq,1,557,32424,0
cq,1,558,20238,0
cq,1,559,6190,0
cq,1,560,1228,0
cq,1,561,24546,0
cq,1,562,32768,1
cq,1,563,32768,1
cq,1,564,7276,0
cq,1,565,5678,0
cq,1,566,7397,0
cq,1,567,3945,0
cq,1,568,17448,0
cq,1,569,10323,0
cq,1,570,16975,0
cq,1,571,32768,1
cq,1,572,20088,0
cq,1,573,6999,0
cq,1,574,3731,0
cq,1,575,25752,0
cq,1,576,13093,0
cq,1,577,17193,0
cq,1,578,21616,0
cq,1,579,10985,0
cq,1,580,7934,0
cq,1,581,25283,0
cq,1,582,21041,0
cq,1,583,9401,0
cq,1,584,32768,1
cq,1,585,9030,0
cq,1,586,12539,0
cq,1,587,7365,0
cq,1,588,24594,0
cq,1,589,10994,0
cq,1,590,15230,0
cq,1,591,13087,0
cq,1,592,12975,0
cq,1,593,32768,1
cq,1,594,32768,1
cq,1,595,1384,0
cq,1,596,31921,0
cq,1,597,9568,0
cq,1,598,29457,0
cq,1,599,24060,0
cq,1,600,9380,0
cq,1,601,21062,0
cq,1,602,22575,0
cq,1,603,20455,0
cq,1,604,27583,0
cq,1,605,11889,0
cq,1,606,3797,0
cq,1,607,16300,0
cq,1,608,17079,0
cq,1,609,13296,0
cq,1,610,12747,0
cq,1,611,23988,0
cq,1,612,20030,0
cq,1,613,24897,0
cq,1,614,32768,1
cq,1,615,21678,0
cq,1,616,4500,0
cq,1,617,21210,0
cq,1,618,15159,0
cq,1,619,30747,0
cq,1,620,28457,0
cq,1,621,25732,0
cq,1,622,10289,0
cq,1,623,15205,0
cq,1,624,32768,1
cq,1,625,24477,0
cq,1,626,32768,1
cq,1,627,11715,0
cq,1,628,24296,0
cq,1,629,32768,1
cq,1,630,23586,0
cq,1,631,32768,1
cq,1,632,32768,1
cq,1,633,21313,0
cq,1,634,23584,0
cq,1,635,16166,0
cq,1,636,7750,0
cq,1,637,14281,0
cq,1,638,20737,0
cq,1,639,5264,0
cq,1,640,32768,1
cq,1,641,32768,1
cq,1,642,25291,0
cq,1,643,32768,1
cq,1,644,20966,0
cq,1,645,16948,0
cq,1,646,7578,0
cq,1,647,32768,1
cq,1,648,32768,1
cq,1,649,13682,0
cq,1,650,24498,0
cq,1,651,13500,0
cq,1,652,32768,1
cq,1,653,32768,1
cq,1,654,32768,1
cq,1,655,32768,1
cq,1,656,22869,0
cq,1,657,19538,0
cq,1,658,2716,0
cq,1,659,2020,0
cq,1,660,6606,0
cq,1,661,32768,1
cq,1,662,32768,1
cq,1,663,8236,0
cq,1,664,16777,0
cq,1,665,15630,0
cq,1,666,32768,1
cq,1,667,21306,0
cq,1,668,18516,0
cq,1,669,22565,0
cq,1,670,32768,1
cq,1,671,18409,0
cq,1,672,23599,0
cq,1,673,27046,0
cq,1,674,12043,0
cq,1,675,22448,0
cq,1,676,10118,0
cq,1,677,22768,0
cq,1,678,5440,0
cq,1,679,12971,0
cq,1,680,32768,1
cq,1,681,9269,0
cq,1,682,25832,0
cq,1,683,10954,0
cq,1,684,18520,0
cq,1,685,8965,0
cq,1,686,8954,0
cq,1,687,16214,0
cq,1,688,9387,0
cq,1,689,9597,0
cq,1,690,19809,0
cq,1,691,11699,0
cq,1,692,10013,0
cq,1,693,7079,0
cq,1,694,19219,0
cq,1,695,8850,0
cq,1,696,4507,0
cq,1,697,16723,0
cq,1,698,25711,0
cq,1,699,16861,0
cq,1,700,22316,0
cq,1,701,14440,0
cq,1,702,5784,0
cq,1,703,11642,0
cq,1,704,29025,0
cq,1,705,21280,0
cq,1,706,16728,0
cq,1,707,5716,0
cq,1,708,8356,0
cq,1,709,5323,0
cq,1,710,18531,0
cq,1,711,18723,0
cq,1,712,6743,0
cq,1,713,20918,0
cq,1,714,32768,1
cq,1,715,7978,0
cq,1,716,20223,0
cq,1,717,27192,0
cq,1,718,2477,0
cq,1,719,29037,0
cq,1,720,13312,0
cq,1,721,18762,0
cq,1,722,32768,1
cq,1,723,12209,0
cq,1,724,15942,0
cq,1,725,32768,1
cq,1,726,24747,0
cq,1,727,20050,0
cq,1,728,32768,1
cq,1,729,32768,1
cq,1,730,5022,0
cq,1,731,21222,0
cq,1,732,32768,1
cq,1,733,14188,0
cq,1,734,29498,0
cq,1,735,20161,0
cq,1,736,1525,0
cq,1,737,31428,0
cq,1,738,24452,0
cq,1,739,32768,1
cq,1,740,32768,1
cq,1,741,32768,1
cq,1,742,32768,1
cq,1,743,32768,1
cq,1,744,32768,1
cq,1,745,18419,0
cq,1,746,4143,0
cq,1,747,11123,0
cq,1,748,11330,0
cq,1,749,20299,0
cq,1,750,32768,1
cq,1,751,20745,0
cq,1,752,32768,1
cq,1,753,32768,1
cq,1,754,3971,0
cq,1,755,11360,0
cq,1,756,13155,0
cq,1,757,32768,1
cq,1,758,32768,1
cq,1,759,12083,0
cq,1,760,21190,0
cq,1,761,7659,0
cq,1,762,11060,0
cq,1,763,32768,1
cq,1,764,14495,0
cq,1,765,21295,0
cq,1,766,32768,1
cq,1,767,32768,1
cq,1,768,7379,0
cq,1,769,14724,0
cq,1,770,14240,0
cq,1,771,17297,0
cq,1,772,32768,1
cq,1,773,32768,1
cq,1,774,9675,0
cq,1,775,15181,0
cq,1,776,32768,1
cq,1,777,32768,1
cq,1,778,21189,0
cq,1,779,32768,1
cq,1,780,28205,0
cq,1,781,9643,0
cq,1,782,11508,0
cq,1,783,14731,0
cq,1,784,12396,0
cq,1,785,32768,1
cq,1,786,14763,0
cq,1,787,32768,1
cq,1,788,27038,0
cq,1,789,15199,0
cq,1,790,26231,0
cq,1,791,26686,0
cq,1,792,11998,0
cq,1,793,32768,1
cq,1,794,32131,0
cq,1,795,21723,0
cq,1,796,32768,1
cq,1,797,23883,0
cq,1,798,15502,0
cq,1,799,12136,0
cq,1,800,32768,1
cq,1,801,32768,1
cq,1,802,30424,0
cq,1,803,29000,0
cq,1,804,30782,0
cq,1,805,9533,0
cq,1,806,26195,0
cq,1,807,13583,0
cq,1,808,15337,0
cq,1,809,16006,0
cq,1,810,29322,0
cq,1,811,24156,0
cq,1,812,21508,0
cq,1,813,32768,1
cq,1,814,12762,0
cq,1,815,18119,0
cq,1,816,17124,0
cq,1,817,20189,0
cq,1,818,10446,0
cq,1,819,30374,0
cq,1,820,16570,0
cq,1,821,16520,0
cq,1,822,19693,0
cq,1,823,32768,1
cq,1,824,7402,0
cq,1,825,9585,0
cq,1,826,10525,0
cq,1,827,2602,0
cq,1,828,29876,0
cq,1,829,13662,0
cq,1,830,13150,0
cq,1,831,9271,0
cq,1,832,12207,0
cq,1,833,11120,0
cq,1,834,20678,0
cq,1,835,21941,0
cq,1,836,5860,0
cq,1,837,25350,0
cq,1,838,24260,0
cq,1,839,32768,1
cq,1,840,21540,0
cq,1,841,22997,0
cq,1,842,23697,0
cq,1,843,11332,0
cq,1,844,5278,0
cq,1,845,18257,0
cq,1,846,22549,0
cq,1,847,17084,0
cq,1,848,17680,0
cq,1,849,8412,0
cq,1,850,9413,0
cq,1,851,13535,0
cq,1,852,14783,0
cq,1,853,28852,0
cq,1,854,29881,0
cq,1,855,18688,0
cq,1,856,32768,1
cq,1,857,15324,0
cq,1,858,13688,0
cq,1,859,7935,0
cq,1,860,32768,1
cq,1,861,32274,0
cq,1,862,11298,0
cq,1,863,12601,0
cq,1,864,11469,0
cq,1,865,32768,1
cq,1,866,31408,0
cq,1,867,11091,0
cq,1,868,10611,0
cq,1,869,1875,0
cq,1,870,30519,0
cq,1,871,19223,0
cq,1,872,11596,0
cq,1,873,11500,0
cq,1,874,16908,0
cq,1,875,17757,0
cq,1,876,29218,0
cq,1,877,8268,0
cq,1,878,18592,0
cq,1,879,14071,0
cq,1,880,10216,0
cq,1,881,23533,0
cq,1,882,1971,0
cq,1,883,32768,1
cq,1,884,24890,0
cq,1,885,6484,0
cq,1,886,32768,1
cq,1,887,12131,0
cq,1,888,426,0
cq,1,889,25548,0
cq,1,890,12764,0
cq,1,891,32768,1
cq,1,892,6282,0
cq,1,893,232,0
cq,1,894,16215,0
cq,1,895,10265,0
cq,1,896,26785,0
cq,1,897,32768,1
cq,1,898,31689,0
cq,1,899,10829,0
cq,1,900,31686,0
cq,1,901,25267,0
cq,1,902,22645,0
cq,1,903,28836,0
cq,1,904,28087,0
cq,1,905,32043,0
cq,1,906,718,0
cq,1,907,27606,0
cq,1,908,23815,0
cq,1,909,8438,0
cq,1,910,5823,0
cq,1,911,32768,1
cq,1,912,14687,0
cq,1,913,32768,1
cq,1,914,27346,0
cq,1,915,32768,1
cq,1,916,5587,0
cq,1,917,32768,1
cq,1,918,32768,1
cq,1,919,20263,0
cq,1,920,12045,0
cq,1,921,16973,0
cq,1,922,604,0
cq,1,923,11372,0
cq,1,924,6108,0
cq,1,925,15475,0
cq,1,926,32768,1
cq,1,927,32768,1
cq,1,928,11585,0
cq,1,929,32768,1
cq,1,930,32768,1
cq,1,931,5587,0
cq,1,932,32768,1
cq,1,933,28821,0
cq,1,934,32768,1
cq,1,935,28297,0
cq,1,936,15357,0
cq,1,937,30734,0
cq,1,938,32768,1
cq,1,939,7560,0
cq,1,940,25309,0
cq,1,941,13873,0
cq,1,942,32768,1
cq,1,943,21945,0
cq,1,944,20146,0
cq,1,945,650,0
cq,1,946,13458,0
cq,1,947,32768,1
cq,1,948,9979,0
cq,1,949,32768,1
cq,1,950,13298,0
cq,1,951,24946,0
cq,1,952,23308,0
cq,1,953,20901,0
cq,1,954,32372,0
cq,1,955,9857,0
cq,1,956,5177,0
cq,1,957,21871,0
cq,1,958,26054,0
cq,1,959,22532,0
cq,1,960,15723,0
cq,1,961,5809,0
cq,1,962,26906,0
cq,1,963,32768,1
cq,1,964,32768,1
cq,1,965,16058,0
cq,1,966,9742,0
cq,1,967,14889,0
cq,1,968,21412,0
cq,1,969,27527,0
cq,1,970,23994,0
cq,1,971,32768,1
cq,1,972,17370,0
cq,1,973,15511,0
cq,1,974,20118,0
cq,1,975,25651,0
cq,1,976,28259,0
cq,1,977,24163,0
cq,1,978,32768,1
cq,1,979,31597,0
cq,1,980,18055,0
cq,1,981,25552,0
cq,1,982,32768,1
cq,1,983,32768,1
cq,1,984,21795,0
cq,1,985,15249,0
cq,1,986,18894,0
cq,1,987,32768,1
cq,1,988,9790,0
cq,1,989,20072,0
cq,1,990,21626,0
cq,1,991,19851,0
cq,1,992,7174,0
cq,1,993,30469,0
cq,1,994,12927,0
cq,1,995,22792,0
cq,1,996,3218,0
cq,1,997,22276,0
cq,1,998,21459,0
cq,1,999,10821,0
cq,1,1000,7861,0
cq,1,1001,17068,0
cq,1,1002,19769,0
cq,1,1003,3610,0
cq,1,1004,19678,0
cq,1,1005,23388,0
cq,1,1006,12809,0
cq,1,1007,11926,0
cq,1,1008,19518,0
cq,1,1009,14165,0
cq,1,1010,8982,0
cq,1,1011,29317,0
cq,1,1012,22056,0
cq,1,1013,19409,0
cq,1,1014,8578,0
cq,1,1015,32768,1
cq,1,1016,12815,0
cq,1,1017,16988,0
cq,1,1018,11880,0
cq,1,1019,20040,0
cq,1,1020,10991,0
cq,1,1021,32768,1
cq,1,1022,5674,0
cq,1,1023,17306,0
cq,1,1024,22612,0
cq,1,1025,32768,1
cq,1,1026,17090,0
cq,1,1027,17031,0
cq,1,1028,1503,0
cq,1,1029,7351,0
cq,1,1030,19732,0
cq,1,1031,13306,0
cq,1,1032,20562,0
cq,1,1033,26101,0
cq,1,1034,32768,1
cq,1,1035,5854,0
cq,1,1036,15723,0
cq,1,1037,2105,0
cq,1,1038,13498,0
cq,1,1039,17226,0
cq,1,1040,8605,0
cq,1,1041,19896,0
cq,1,1042,8271,0
cq,1,1043,5332,0
cq,1,1044,23735,0
cq,1,1045,15421,0
cq,1,1046,6734,0
cq,1,1047,16880,0
cq,1,1048,20875,0
cq,1,1049,13570,0
cq,1,1050,11552,0
cq,1,1051,22052,0
cq,1,1052,12097,0
cq,1,1053,12765,0
cq,1,1054,14786,0
cq,2,0,8930,0
cq,2,1,13247,0
cq,2,2,31400,0
cq,2,3,26736,0
cq,2,4,32768,1
cq,2,5,12287,0
cq,2,6,32768,1
cq,2,7,22208,0
cq,2,8,19226,0
cq,2,9,13799,0
cq,2,10,4954,0
cq,2,11,10817,0
cq,2,12,5638,0
cq,2,13,7934,0
cq,2,14,8283,0
cq,2,15,32768,1
cq,2,16,14294,0
cq,2,17,18219,0
cq,2,18,20050,0
cq,2,19,14525,0
cq,2,20,12577,0
cq,2,21,23562,0
cq,2,22,5073,0
cq,2,23,8369,0
cq,2,24,10994,0
cq,2,25,11603,0
cq,2,26,17020,0
cq,2,27,4824,0
cq,2,28,6965,0
cq,2,29,12711,0
cq,2,30,27607,0
cq,2,31,4539,0
cq,2,32,15522,0
cq,2,33,10259,0
cq,2,34,17518,0
cq,2,35,32768,1
cq,2,36,13936,0
cq,2,37,16413,0
cq,2,38,13011,0
cq,2,39,5507,0
cq,2,40,32768,1
cq,2,41,11354,0
cq,2,42,1327,0
cq,2,43,3452,0
cq,2,44,7512,0
cq,2,45,13493,0
cq,2,46,14008,0
cq,2,47,32768,1
cq,2,48,14587,0
cq,2,49,12530,0
cq,2,50,4547,0
cq,2,51,12438,0
cq,2,52,10609,0
cq,2,53,5231,0
cq,2,54,19248,0
cq,2,55,16705,0
cq,2,56,14070,0
cq,2,57,20709,0
cq,2,58,5529,0
cq,2,59,631,0
cq,2,60,13489,0
cq,2,61,32768,1
cq,2,62,20202,0
cq,2,63,7901,0
cq,2,64,32768,1
cq,2,65,15403,0
cq,2,66,30555,0
cq,2,67,17369,0
cq,2,68,21044,0
cq,2,69,18261,0
cq,2,70,15891,0
cq,2,71,5750,0
cq,2,72,11445,0
cq,2,73,12937,0
cq,2,74,32768,1
cq,2,75,29863,0
cq,2,76,2581,0
cq,2,77,15821,0
cq,2,78,32768,1
cq,2,79,20811,0
cq,2,80,28219,0
cq,2,81,24616,0
cq,2,82,12801,0
cq,2,83,11771,0
cq,2,84,2297,0
cq,2,85,24189,0
cq,2,86,12952,0
cq,2,87,7673,0
cq,2,88,14601,0
cq,2,89,11360,0
cq,2,90,10079,0
cq,2,91,18928,0
cq,2,92,22687,0
cq,2,93,23119,0
cq,2,94,12015,0
cq,2,95,14289,0
cq,2,96,23808,0
cq,2,97,7437,0
cq,2,98,7230,0
cq,2,99,13900,0
cq,2,100,22778,0
cq,2,101,21022,0
cq,2,102,4275,0
cq,2,103,12476,0
cq,2,104,32224,0
cq,2,105,18837,0
cq,2,106,6110,0
cq,2,107,12982,0
cq,2,108,15430,0
cq,2,109,12204,0
cq,2,110,12352,0
cq,2,111,20855,0
cq,2,112,21024,0
cq,2,113,7968,0
cq,2,114,30076,0
cq,2,115,9728,0
cq,2,116,3495,0
cq,2,117,6051,0
cq,2,118,13519,0
cq,2,119,23805,0
cq,2,120,6668,0
cq,2,121,11504,0
cq,2,122,7084,0
cq,2,123,8720,0
cq,2,124,24417,0
cq,2,125,9041,0
cq,2,126,31773,0
cq,2,127,14561,0
cq,2,128,7202,0
cq,2,129,757,0
cq,2,130,3442,0
cq,2,131,19337,0
cq,2,132,7373,0
cq,2,133,16816,0
cq,2,134,23455,0
cq,2,135,1408,0
cq,2,136,8578,0
cq,2,137,24430,0
cq,2,138,13035,0
cq,2,139,12667,0
cq,2,140,32768,1
cq,2,141,19391,0
cq,2,142,11582,0
cq,2,143,1907,0
cq,2,144,838,0
cq,2,145,7906,0
cq,2,146,32768,1
cq,2,147,8915,0
cq,2,148,6837,0
cq,2,149,7980,0
cq,2,150,15390,0
cq,2,151,14149,0
cq,2,152,14331,0
cq,2,153,24472,0
cq,2,154,25335,0
cq,2,155,6080,0
cq,2,156,20077,0
cq,2,157,5447,0
cq,2,158,12345,0
cq,2,159,13224,0
cq,2,160,7342,0
cq,2,161,16512,0
cq,2,162,20067,0
cq,2,163,10544,0
cq,2,164,8252,0
cq,2,165,4875,0
cq,2,166,3036,0
cq,2,167,29136,0
cq,2,168,13680,0
cq,2,169,12675,0
cq,2,170,10015,0
cq,2,171,32768,1
cq,2,172,15883,0
cq,2,173,12318,0
cq,2,174,12003,0
cq,2,175,14157,0
cq,2,176,28096,0
cq,2,177,9881,0
cq,2,178,15418,0
cq,2,179,12143,0
cq,2,180,21682,0
cq,2,181,4939,0
cq,2,182,2610,0
cq,2,183,2729,0
cq,2,184,32768,1
cq,2,185,7426,0
cq,2,186,8912,0
cq,2,187,8624,0
cq,2,188,6683,0
cq,2,189,6450,0
cq,2,190,11754,0
cq,2,191,32768,1
cq,2,192,32768,1
cq,2,193,32768,1
cq,2,194,20312,0
cq,2,195,32768,1
cq,2,196,9921,0
cq,2,197,32768,1
cq,2,198,17242,0
cq,2,199,32768,1
cq,2,200,32768,1
cq,2,201,32768,1
cq,2,202,17380,0
cq,2,203,27759,0
cq,2,204,31243,0
cq,2,205,32768,1
cq,2,206,32768,1
cq,2,207,15062,0
cq,2,208,22547,0
cq,2,209,17861,0
cq,2,210,32768,1
cq,2,211,32768,1
cq,2,212,17398,0
cq,2,213,7020,0
cq,2,214,24436,0
cq,2,215,26976,0
cq,2,216,32768,1
cq,2,217,7424,0
cq,2,218,32768,1
cq,2,219,26897,0
cq,2,220,22389,0
cq,2,221,12841,0
cq,2,222,5799,0
cq,2,223,10166,0
cq,2,224,28334,0
cq,2,225,30964,0
cq,2,226,22553,0
cq,2,227,7004,0
cq,2,228,12246,0
cq,2,229,32768,1
cq,2,230,32768,1
cq,2,231,32768,1
cq,2,232,21358,0
cq,2,233,3043,0
cq,2,234,32768,1
cq,2,235,32768,1
cq,2,236,32768,1
cq,2,237,32768,1
cq,2,238,6380,0
cq,2,239,27837,0
cq,2,240,7015,0
cq,2,241,32768,1
cq,2,242,26501,0
cq,2,243,25700,0
cq,2,244,12498,0
cq,2,245,10488,0
cq,2,246,25839,0
cq,2,247,32768,1
cq,2,248,32768,1
cq,2,249,233,0
cq,2,250,22666,0
cq,2,251,18367,0
cq,2,252,28596,0
cq,2,253,32768,1
cq,2,254,32768,1
cq,2,255,29536,0
cq,2,256,22174,0
cq,2,257,30996,0
cq,2,258,32768,1
cq,2,259,22118,0
cq,2,260,32768,1
cq,2,261,29003,0
cq,2,262,9448,0
cq,2,263,25921,0
cq,2,264,3713,0
cq,2,265,26593,0
cq,2,266,25147,0
cq,2,267,32768,1
cq,2,268,32768,1
cq,2,269,32768,1
cq,2,270,15643,0
cq,2,271,22482,0
cq,2,272,11283,0
cq,2,273,32768,1
cq,2,274,14570,0
cq,2,275,12567,0
cq,2,276,32768,1
cq,2,277,32768,1
cq,2,278,15820,0
cq,2,279,4920,0
cq,2,280,12091,0
cq,2,281,32768,1
cq,2,282,32768,1
cq,2,283,32768,1
cq,2,284,7407,0
cq,2,285,16120,0
cq,2,286,30166,0
cq,2,287,31243,0
cq,2,288,10552,0
cq,2,289,7375,0
cq,2,290,5811,0
cq,2,291,23740,0
cq,2,292,27000,0
cq,2,293,8913,0
cq,2,294,17052,0
cq,2,295,21379,0
cq,2,296,28360,0
cq,2,297,32768,1
cq,2,298,12950,0
cq,2,299,9285,0
cq,2,300,4359,0
cq,2,301,32768,1
cq,2,302,32768,1
cq,2,303,32768,1
cq,2,304,23422,0
cq,2,305,4445,0
cq,2,306,32768,1
cq,2,307,32768,1
cq,2,308,30996,0
cq,2,309,32768,1
cq,2,310,32768,1
cq,2,311,5002,0
cq,2,312,17402,0
cq,2,313,16387,0
cq,2,314,32768,1
cq,2,315,32768,1
cq,2,316,9951,0
cq,2,317,5555,0
cq,2,318,13266,0
cq,2,319,32768,1
cq,2,320,24799,0
cq,2,321,8364,0
cq,2,322,23049,0
cq,2,323,32768,1
cq,2,324,10200,0
cq,2,325,32768,1
cq,2,326,6234,0
cq,2,327,8947,0
cq,2,328,8740,0
cq,2,329,17419,0
cq,2,330,31880,0
cq,2,331,32768,1
cq,2,332,6047,0
cq,2,333,9685,0
cq,2,334,32768,1
cq,2,335,11079,0
cq,2,336,32768,1
cq,2,337,5695,0
cq,2,338,12252,0
cq,2,339,29439,0
cq,2,340,32768,1
cq,2,341,32768,1
cq,2,342,9830,0
cq,2,343,9414,0
cq,2,344,20518,0
cq,2,345,32768,1
cq,2,346,3352,0
cq,2,347,11758,0
cq,2,348,16312,0
cq,2,349,32220,0
cq,2,350,14240,0
cq,2,351,245,0
cq,2,352,26365,0
cq,2,353,32768,1
cq,2,354,17060,0
cq,2,355,32768,1
cq,2,356,1454,0
cq,2,357,4353,0
cq,2,358,29915,0
cq,2,359,24297,0
cq,2,360,740,0
cq,2,361,5993,0
cq,2,362,20094,0
cq,2,363,32768,1
cq,2,364,2936,0
cq,2,365,16419,0
cq,2,366,32768,1
cq,2,367,26418,0
cq,2,368,32768,1
cq,2,369,5866,0
cq,2,370,3543,0
cq,2,371,32768,1
cq,2,372,32768,1
cq,2,373,31011,0
cq,2,374,32768,1
cq,2,375,6907,0
cq,2,376,32768,1
cq,2,377,11084,0
cq,2,378,32768,1
cq,2,379,10419,0
cq,2,380,8247,0
cq,2,381,10809,0
cq,2,382,18750,0
cq,2,383,13865,0
cq,2,384,4925,0
cq,2,385,28911,0
cq,2,386,32768,1
cq,2,387,13631,0
cq,2,388,30850,0
cq,2,389,9789,0
cq,2,390,9555,0
cq,2,391,3501,0
cq,2,392,25836,0
cq,2,393,26112,0
cq,2,394,32768,1
cq,2,395,12121,0
cq,2,396,18510,0
cq,2,397,31737,0
cq,2,398,32768,1
cq,2,399,18842,0
cq,2,400,32768,1
cq,2,401,2717,0
cq,2,402,23130,0
cq,2,403,12180,0
cq,2,404,22383,0
cq,2,405,32768,1
cq,2,406,9011,0
cq,2,407,32768,1
cq,2,408,32768,1
cq,2,409,32768,1
cq,2,410,10695,0
cq,2,411,9451,0
cq,2,412,19250,0
cq,2,413,9909,0
cq,2,414,25148,0
cq,2,415,2829,0
cq,2,416,3976,0
cq,2,417,32768,1
cq,2,418,1919,0
cq,2,419,22650,0
cq,2,420,26956,0
cq,2,421,13848,0
cq,2,422,3431,0
cq,2,423,12881,0
cq,2,424,21750,0
cq,2,425,10240,0
cq,2,426,7222,0
cq,2,427,32768,1
cq,2,428,9920,0
cq,2,429,32768,1
cq,2,430,32768,1
cq,2,431,15232,0
cq,2,432,19332,0
cq,2,433,32768,1
cq,2,434,27526,0
cq,2,435,25527,0
cq,2,436,32768,1
cq,2,437,32768,1
cq,2,438,6168,0
cq,2,439,16353,0
cq,2,440,11948,0
cq,2,441,26497,0
cq,2,442,31003,0
cq,2,443,32768,1
cq,2,444,26331,0
cq,2,445,32768,1
cq,2,446,15496,0
cq,2,447,5753,0
cq,2,448,5763,0
cq,2,449,32768,1
cq,2,450,29247,0
cq,2,451,18748,0
cq,2,452,11390,0
cq,2,453,9594,0
cq,2,454,32768,1
cq,2,455,4705,0
cq,2,456,14222,0
cq,2,457,1298,0
cq,2,458,5608,0
cq,2,459,17914,0
cq,2,460,32768,1
cq,2,461,11565,0
cq,2,462,3040,0
cq,2,463,32148,0
cq,2,464,16751,0
cq,2,465,5778,0
cq,2,466,11042,0
cq,2,467,11640,0
cq,2,468,32768,1
cq,2,469,11881,0
cq,2,470,3350,0
cq,2,471,32768,1
cq,2,472,5689,0
cq,2,473,22221,0
cq,2,474,29155,0
cq,2,475,12194,0
cq,2,476,6407,0
cq,2,477,32412,0
cq,2,478,25704,0
cq,2,479,2854,0
cq,2,480,22412,0
cq,2,481,21742,0
cq,2,482,26474,0
cq,2,483,6037,0
cq,2,484,7697,0
cq,2,485,13893,0
cq,2,486,1464,0
cq,2,487,19346,0
cq,2,488,6143,0
cq,2,489,6498,0
cq,2,490,23243,0
cq,2,491,22814,0
cq,2,492,13916,0
cq,2,493,5422,0
cq,2,494,13468,0
cq,2,495,19760,0
cq,2,496,11955,0
cq,2,497,5504,0
cq,2,498,17909,0
cq,2,499,2063,0
cq,2,500,8541,0
cq,2,501,1864,0
cq,2,502,5239,0
cq,2,503,21862,0
cq,2,504,6520,0
cq,2,505,6746,0
cq,2,506,13863,0
cq,2,507,25373,0
cq,2,508,18642,0
cq,2,509,2529,0
cq,2,510,5599,0
cq,2,511,13086,0
cq,2,512,18605,0
cq,2,513,11962,0
cq,2,514,32768,1
cq,2,515,3613,0
cq,2,516,32768,1
cq,2,517,16619,0
cq,2,518,32768,1
cq,2,519,5454,0
cq,2,520,32768,1
cq,2,521,32768,1
cq,2,522,20604,0
cq,2,523,16945,0
cq,2,524,32768,1
cq,2,525,242,0
cq,2,526,26680,0
cq,2,527,14148,0
cq,2,528,27754,0
cq,2,529,5306,0
cq,2,530,32416,0
cq,2,531,9493,0
cq,2,532,20768,0
cq,2,533,32079,0
cq,2,534,1805,0
cq,2,535,15719,0
cq,2,536,32768,1
cq,2,537,16796,0
cq,2,538,7014,0
cq,2,539,32768,1
cq,2,540,32768,1
cq,2,541,32768,1
cq,2,542,32768,1
cq,2,543,32768,1
cq,2,544,32768,1
cq,2,545,1452,0
cq,2,546,4916,0
cq,2,547,8693,0
cq,2,548,32768,1
cq,2,549,12201,0
cq,2,550,29506,0
cq,2,551,32768,1
cq,2,552,32768,1
cq,2,553,32768,1
cq,2,554,12139,0
cq,2,555,32768,1
cq,2,556,32768,1
cq,2,557,18955,0
cq,2,558,14948,0
cq,2,559,19074,0
cq,2,560,1703,0
cq,2,561,32768,1
cq,2,562,32768,1
cq,2,563,31122,0
cq,2,564,9469,0
cq,2,565,7853,0
cq,2,566,12092,0
cq,2,567,12686,0
cq,2,568,11308,0
cq,2,569,19068,0
cq,2,570,6907,0
cq,2,571,20120,0
cq,2,572,15930,0
cq,2,573,12783,0
cq,2,574,5043,0
cq,2,575,32193,0
cq,2,576,16209,0
cq,2,577,15588,0
cq,2,578,29891,0
cq,2,579,16294,0
cq,2,580,13204,0
cq,2,581,17498,0
cq,2,582,12813,0
cq,2,583,9587,0
cq,2,584,20776,0
cq,2,585,7845,0
cq,2,586,15565,0
cq,2,587,9249,0
cq,2,588,11554,0
cq,2,589,4953,0
cq,2,590,7757,0
cq,2,591,23047,0
cq,2,592,15464,0
cq,2,593,26900,0
cq,2,594,32768,1
cq,2,595,2379,0
cq,2,596,19011,0
cq,2,597,4787,0
cq,2,598,23391,0
cq,2,599,32768,1
cq,2,600,5075,0
cq,2,601,18830,0
cq,2,602,23029,0
cq,2,603,7595,0
cq,2,604,19778,0
cq,2,605,8332,0
cq,2,606,4767,0
cq,2,607,17518,0
cq,2,608,32768,1
cq,2,609,20968,0
cq,2,610,6870,0
cq,2,611,20136,0
cq,2,612,14789,0
cq,2,613,12530,0
cq,2,614,16615,0
cq,2,615,19699,0
cq,2,616,6500,0
cq,2,617,26829,0
cq,2,618,31351,0
cq,2,619,32768,1
cq,2,620,32153,0
cq,2,621,10755,0
cq,2,622,28600,0
cq,2,623,25046,0
cq,2,624,32768,1
cq,2,625,32768,1
cq,2,626,27862,0
cq,2,627,21920,0
cq,2,628,29757,0
cq,2,629,27484,0
cq,2,630,28060,0
cq,2,631,32768,1
cq,2,632,32768,1
cq,2,633,31730,0
cq,2,634,32768,1
cq,2,635,29819,0
cq,2,636,10251,0
cq,2,637,6174,0
cq,2,638,31626,0
cq,2,639,3490,0
cq,2,640,13805,0
cq,2,641,32768,1
cq,2,642,32768,1
cq,2,643,32768,1
cq,2,644,22039,0
cq,2,645,18683,0
cq,2,646,11991,0
cq,2,647,32768,1
cq,2,648,32768,1
cq,2,649,32768,1
cq,2,650,25489,0
cq,2,651,32768,1
cq,2,652,21420,0
cq,2,653,27160,0
cq,2,654,32768,1
cq,2,655,32768,1
cq,2,656,21621,0
cq,2,657,26409,0
cq,2,658,414,0
cq,2,659,1735,0
cq,2,660,6179,0
cq,2,661,32768,1
cq,2,662,32768,1
cq,2,663,7335,0
cq,2,664,22218,0
cq,2,665,24460,0
cq,2,666,32768,1
cq,2,667,32768,1
cq,2,668,32768,1
cq,2,669,14439,0
cq,2,670,32768,1
cq,2,671,11687,0
cq,2,672,32768,1
cq,2,673,22623,0
cq,2,674,32768,1
cq,2,675,30112,0
cq,2,676,13674,0
cq,2,677,19514,0
cq,2,678,11227,0
cq,2,679,7096,0
cq,2,680,26747,0
cq,2,681,17564,0
cq,2,682,23077,0
cq,2,683,13374,0
cq,2,684,32768,1
cq,2,685,11467,0
cq,2,686,12727,0
cq,2,687,25225,0
cq,2,688,15693,0
cq,2,689,23284,0
cq,2,690,13804,0
cq,2,691,9059,0
cq,2,692,11377,0
cq,2,693,14993,0
cq,2,694,16922,0
cq,2,695,12414,0
cq,2,696,3336,0
cq,2,697,24632,0
cq,2,698,22705,0
cq,2,699,20119,0
cq,2,700,20536,0
cq,2,701,18406,0
cq,2,702,2330,0
cq,2,703,15002,0
cq,2,704,26002,0
cq,2,705,32768,1
cq,2,706,13572,0
cq,2,707,7474,0
cq,2,708,20246,0
cq,2,709,12898,0
cq,2,710,16164,0
cq,2,711,12771,0
cq,2,712,4806,0
cq,2,713,24998,0
cq,2,714,14487,0
cq,2,715,12144,0
cq,2,716,10281,0
cq,2,717,26235,0
cq,2,718,1482,0
cq,2,719,19848,0
cq,2,720,16531,0
cq,2,721,17957,0
cq,2,722,32768,1
cq,2,723,3686,0
cq,2,724,15098,0
cq,2,725,32768,1
cq,2,726,23042,0
cq,2,727,19100,0
cq,2,728,32768,1
cq,2,729,21866,0
cq,2,730,4923,0
cq,2,731,18131,0
cq,2,732,32768,1
cq,2,733,24083,0
cq,2,734,16565,0
cq,2,735,14814,0
cq,2,736,1873,0
cq,2,737,32768,1
cq,2,738,32768,1
cq,2,739,32768,1
cq,2,740,32768,1
cq,2,741,32768,1
cq,2,742,32768,1
cq,2,743,22371,0
cq,2,744,32768,1
cq,2,745,32768,1
cq,2,746,6955,0
cq,2,747,20837,0
cq,2,748,26536,0
cq,2,749,18074,0
cq,2,750,32768,1
cq,2,751,22528,0
cq,2,752,28080,0
cq,2,753,32768,1
cq,2,754,4481,0
cq,2,755,12730,0
cq,2,756,20305,0
cq,2,757,32768,1
cq,2,758,32768,1
cq,2,759,7735,0
cq,2,760,26358,0
cq,2,761,7360,0
cq,2,762,10330,0
cq,2,763,32768,1
cq,2,764,24444,0
cq,2,765,32768,1
cq,2,766,22268,0
cq,2,767,32768,1
cq,2,768,10906,0
cq,2,769,14470,0
cq,2,770,11801,0
cq,2,771,13418,0
cq,2,772,32768,1
cq,2,773,32768,1
cq,2,774,6288,0
cq,2,775,21877,0
cq,2,776,32768,1
cq,2,777,32768,1
cq,2,778,9277,0
cq,2,779,32768,1
cq,2,780,20588,0
cq,2,781,11995,0
cq,2,782,10491,0
cq,2,783,19083,0
cq,2,784,13655,0
cq,2,785,19851,0
cq,2,786,8209,0
cq,2,787,32768,1
cq,2,788,32235,0
cq,2,789,13178,0
cq,2,790,28597,0
cq,2,791,10945,0
cq,2,792,12410,0
cq,2,793,32768,1
cq,2,794,32768,1
cq,2,795,32768,1
cq,2,796,32768,1
cq,2,797,20893,0
cq,2,798,32768,1
cq,2,799,17004,0
cq,2,800,32768,1
cq,2,801,32768,1
cq,2,802,32371,0
cq,2,803,32768,1
cq,2,804,24161,0
cq,2,805,9725,0
cq,2,806,18969,0
cq,2,807,9253,0
cq,2,808,17038,0
cq,2,809,27077,0
cq,2,810,11663,0
cq,2,811,32768,1
cq,2,812,10820,0
cq,2,813,32768,1
cq,2,814,12617,0
cq,2,815,22526,0
cq,2,816,22753,0
cq,2,817,23809,0
cq,2,818,10525,0
cq,2,819,22064,0
cq,2,820,17418,0
cq,2,821,14534,0
cq,2,822,25121,0
cq,2,823,16711,0
cq,2,824,8762,0
cq,2,825,17127,0
cq,2,826,8735,0
cq,2,827,2754,0
cq,2,828,11649,0
cq,2,829,10178,0
cq,2,830,5962,0
cq,2,831,21954,0
cq,2,832,16720,0
cq,2,833,20063,0
cq,2,834,11261,0
cq,2,835,13335,0
cq,2,836,7134,0
cq,2,837,27189,0
cq,2,838,32768,1
cq,2,839,31304,0
cq,2,840,25031,0
cq,2,841,20975,0
cq,2,842,21888,0
cq,2,843,13956,0
cq,2,844,7915,0
cq,2,845,16922,0
cq,2,846,9756,0
cq,2,847,21122,0
cq,2,848,23104,0
cq,2,849,14675,0
cq,2,850,4835,0
cq,2,851,15536,0
cq,2,852,5741,0
cq,2,853,11727,0
cq,2,854,32768,1
cq,2,855,22709,0
cq,2,856,32768,1
cq,2,857,12829,0
cq,2,858,16053,0
cq,2,859,12188,0
cq,2,860,23008,0
cq,2,861,21089,0
cq,2,862,12362,0
cq,2,863,9102,0
cq,2,864,9615,0
cq,2,865,32768,1
cq,2,866,14217,0
cq,2,867,22885,0
cq,2,868,16601,0
cq,2,869,4869,0
cq,2,870,15743,0
cq,2,871,17470,0
cq,2,872,19788,0
cq,2,873,11483,0
cq,2,874,32768,1
cq,2,875,12372,0
cq,2,876,13912,0
cq,2,877,9999,0
cq,2,878,19105,0
cq,2,879,15896,0
cq,2,880,6401,0
cq,2,881,32768,1
cq,2,882,5628,0
cq,2,883,23383,0
cq,2,884,32768,1
cq,2,885,8844,0
cq,2,886,21975,0
cq,2,887,21814,0
cq,2,888,469,0
cq,2,889,29012,0
cq,2,890,19288,0
cq,2,891,32768,1
cq,2,892,6612,0
cq,2,893,548,0
cq,2,894,19777,0
cq,2,895,12696,0
cq,2,896,20088,0
cq,2,897,32768,1
cq,2,898,32768,1
cq,2,899,4791,0
cq,2,900,12737,0
cq,2,901,20766,0
cq,2,902,21152,0
cq,2,903,27916,0
cq,2,904,14981,0
cq,2,905,27842,0
cq,2,906,773,0
cq,2,907,32768,1
cq,2,908,31315,0
cq,2,909,6065,0
cq,2,910,15398,0
cq,2,911,28026,0
cq,2,912,9097,0
cq,2,913,25698,0
cq,2,914,31154,0
cq,2,915,32768,1
cq,2,916,2651,0
cq,2,917,32768,1
cq,2,918,32768,1
cq,2,919,15658,0
cq,2,920,10169,0
cq,2,921,32768,1
cq,2,922,791,0
cq,2,923,17540,0
cq,2,924,2931,0
cq,2,925,14562,0
cq,2,926,22971,0
cq,2,927,32768,1
cq,2,928,21239,0
cq,2,929,8531,0
cq,2,930,20862,0
cq,2,931,6304,0
cq,2,932,32768,1
cq,2,933,32768,1
cq,2,934,32116,0
cq,2,935,27103,0
cq,2,936,14978,0
cq,2,937,32768,1
cq,2,938,23647,0
cq,2,939,6024,0
cq,2,940,32768,1
cq,2,941,32768,1
cq,2,942,32768,1
cq,2,943,20645,0
cq,2,944,22020,0
cq,2,945,874,0
cq,2,946,32388,0
cq,2,947,24117,0
cq,2,948,14808,0
cq,2,949,32768,1
cq,2,950,17202,0
cq,2,951,16832,0
cq,2,952,31744,0
cq,2,953,32768,1
cq,2,954,17104,0
cq,2,955,18674,0
cq,2,956,23058,0
cq,2,957,32768,1
cq,2,958,14388,0
cq,2,959,32768,1
cq,2,960,14506,0
cq,2,961,2354,0
cq,2,962,25785,0
cq,2,963,32768,1
cq,2,964,32768,1
cq,2,965,17602,0
cq,2,966,17508,0
cq,2,967,32768,1
cq,2,968,18678,0
cq,2,969,28470,0
cq,2,970,27781,0
cq,2,971,17323,0
cq,2,972,23788,0
cq,2,973,22229,0
cq,2,974,21554,0
cq,2,975,27714,0
cq,2,976,12789,0
cq,2,977,21903,0
cq,2,978,32768,1
cq,2,979,32768,1
cq,2,980,25192,0
cq,2,981,20140,0
cq,2,982,23330,0
cq,2,983,32768,1
cq,2,984,32768,1
cq,2,985,20522,0
cq,2,986,21919,0
cq,2,987,21380,0
cq,2,988,10497,0
cq,2,989,24185,0
cq,2,990,23827,0
cq,2,991,18687,0
cq,2,992,6076,0
cq,2,993,32768,1
cq,2,994,15304,0
cq,2,995,15456,0
cq,2,996,3928,0
cq,2,997,18360,0
cq,2,998,12568,0
cq,2,999,9676,0
cq,2,1000,6094,0
cq,2,1001,12296,0
cq,2,1002,31203,0
cq,2,1003,6229,0
cq,2,1004,19188,0
cq,2,1005,24177,0
cq,2,1006,32768,1
cq,2,1007,15028,0
cq,2,1008,17028,0
cq,2,1009,14907,0
cq,2,1010,11133,0
cq,2,1011,28013,0
cq,2,1012,24204,0
cq,2,1013,20349,0
cq,2,1014,8199,0
cq,2,1015,15380,0
cq,2,1016,21534,0
cq,2,1017,14490,0
cq,2,1018,14441,0
cq,2,1019,23053,0
cq,2,1020,22226,0
cq,2,1021,32768,1
cq,2,1022,6322,0
cq,2,1023,31331,0
cq,2,1024,32768,1
cq,2,1025,20723,0
cq,2,1026,23875,0
cq,2,1027,19938,0
cq,2,1028,5317,0
cq,2,1029,9036,0
cq,2,1030,8970,0
cq,2,1031,32385,0
cq,2,1032,20862,0
cq,2,1033,32768,1
cq,2,1034,14438,0
cq,2,1035,9079,0
cq,2,1036,12103,0
cq,2,1037,6968,0
cq,2,1038,9984,0
cq,2,1039,16194,0
cq,2,1040,8784,0
cq,2,1041,11717,0
cq,2,1042,16076,0
cq,2,1043,5862,0
cq,2,1044,32768,1
cq,2,1045,21544,0
cq,2,1046,8304,0
cq,2,1047,23296,0
cq,2,1048,32768,1
cq,2,1049,15508,0
cq,2,1050,11042,0
cq,2,1051,19049,0
cq,2,1052,4009,0
cq,2,1053,22156,0
cq,2,1054,17390,0
tasq,0,0,3648,0
tasq,0,1,3550,0
tasq,0,2,12831,0
tasq,0,3,19750,0
tasq,0,4,12663,0
tasq,0,5,17082,0
tasq,0,6,12038,0
tasq,0,7,14344,0
tasq,0,8,9545,0
tasq,0,9,1101,0
tasq,0,10,3901,0
tasq,0,11,6368,0
tasq,0,12,2332,0
tasq,0,13,8174,0
tasq,0,14,2120,0
tasq,0,15,9921,0
tasq,0,16,7634,0
tasq,0,17,6077,0
tasq,0,18,8310,0
tasq,0,19,5235,0
tasq,0,20,4370,0
tasq,0,21,5151,0
tasq,0,22,4392,0
tasq,0,23,3242,0
tasq,0,24,8420,0
tasq,0,25,7424,0
tasq,0,26,21890,0
tasq,0,27,6002,0
tasq,0,28,2986,0
tasq,0,29,5293,0
tasq,0,30,18439,0
tasq,0,31,2680,0
tasq,0,32,6564,0
tasq,0,33,3889,0
tasq,0,34,10290,0
tasq,0,35,8044,0
tasq,0,36,3956,0
tasq,0,37,7842,0
tasq,0,38,7955,0
tasq,0,39,3452,0
tasq,0,40,8291,0
tasq,0,41,11102,0
tasq,0,42,919,0
tasq,0,43,3185,0
tasq,0,44,2587,0
tasq,0,45,9751,0
tasq,0,46,20157,0
tasq,0,47,24206,0
tasq,0,48,7926,0
tasq,0,49,6368,0
tasq,0,50,7734,0
tasq,0,51,3566,0
tasq,0,52,5355,0
tasq,0,53,4482,0
tasq,0,54,9292,0
tasq,0,55,9285,0
tasq,0,56,6510,0
tasq,0,57,5877,0
tasq,0,58,4243,0
tasq,0,59,585,0
tasq,0,60,10342,0
tasq,0,61,8394,0
tasq,0,62,12058,0
tasq,0,63,1519,0
tasq,0,64,11372,0
tasq,0,65,7908,0
tasq,0,66,9288,0
tasq,0,67,3348,0
tasq,0,68,4436,0
tasq,0,69,8107,0
tasq,0,70,7866,0
tasq,0,71,4350,0
tasq,0,72,13119,0
tasq,0,73,5561,0
tasq,0,74,10009,0
tasq,0,75,9262,0
tasq,0,76,843,0
tasq,0,77,10263,0
tasq,0,78,11737,0
tasq,0,79,17807,0
tasq,0,80,22584,0
tasq,0,81,7307,0
tasq,0,82,6142,0
tasq,0,83,3153,0
tasq,0,84,1471,0
tasq,0,85,9512,0
tasq,0,86,2482,0
tasq,0,87,4181,0
tasq,0,88,11936,0
tasq,0,89,11547,0
tasq,0,90,7029,0
tasq,0,91,4928,0
tasq,0,92,20533,0
tasq,0,93,22462,0
tasq,0,94,10474,0
tasq,0,95,16285,0
tasq,0,96,13066,0
tasq,0,97,5346,0
tasq,0,98,5339,0
tasq,0,99,8695,0
tasq,0,100,20976,0
tasq,0,101,9119,0
tasq,0,102,3055,0
tasq,0,103,7816,0
tasq,0,104,6710,0
tasq,0,105,14164,0
tasq,0,106,1038,0
tasq,0,107,4631,0
tasq,0,108,9489,0
tasq,0,109,7809,0
tasq,0,110,9060,0
tasq,0,111,9789,0
tasq,0,112,6511,0
tasq,0,113,4081,0
tasq,0,114,11566,0
tasq,0,115,14217,0
tasq,0,116,2171,0
tasq,0,117,5603,0
tasq,0,118,12866,0
tasq,0,119,7855,0
tasq,0,120,1998,0
tasq,0,121,5642,0
tasq,0,122,4914,0
tasq,0,123,4553,0
tasq,0,124,13689,0
tasq,0,125,3689,0
tasq,0,126,10883,0
tasq,0,127,13412,0
tasq,0,128,2923,0
tasq,0,129,658,0
tasq,0,130,3504,0
tasq,0,131,9828,0
tasq,0,132,6164,0
tasq,0,133,7523,0
tasq,0,134,24383,0
tasq,0,135,1603,0
tasq,0,136,4684,0
tasq,0,137,8211,0
tasq,0,138,5219,0
tasq,0,139,5636,0
tasq,0,140,8647,0
tasq,0,141,13978,0
tasq,0,142,10633,0
tasq,0,143,4055,0
tasq,0,144,949,0
tasq,0,145,13214,0
tasq,0,146,15198,0
tasq,0,147,5779,0
tasq,0,148,2090,0
tasq,0,149,4165,0
tasq,0,150,10331,0
tasq,0,151,9631,0
tasq,0,152,11476,0
tasq,0,153,29031,0
tasq,0,154,10728,0
tasq,0,155,3371,0
tasq,0,156,9331,0
tasq,0,157,3016,0
tasq,0,158,7622,0
tasq,0,159,12180,0
tasq,0,160,2271,0
tasq,0,161,12913,0
tasq,0,162,11229,0
tasq,0,163,4966,0
tasq,0,164,3041,0
tasq,0,165,3349,0
tasq,0,166,2720,0
tasq,0,167,8830,0
tasq,0,168,13562,0
tasq,0,169,5460,0
tasq,0,170,3765,0
tasq,0,171,18630,0
tasq,0,172,6646,0
tasq,0,173,3017,0
tasq,0,174,3929,0
tasq,0,175,6953,0
tasq,0,176,18728,0
tasq,0,177,6161,0
tasq,0,178,16607,0
tasq,0,179,11334,0
tasq,0,180,12716,0
tasq,0,181,3803,0
tasq,0,182,850,0
tasq,0,183,1664,0
tasq,0,184,23891,0
tasq,0,185,5853,0
tasq,0,186,7055,0
tasq,0,187,4587,0
tasq,0,188,2396,0
tasq,0,189,992,0
tasq,0,190,5186,0
tasq,0,191,8291,0
tasq,0,192,15580,0
tasq,0,193,22465,0
tasq,0,194,22754,0
tasq,0,195,21212,0
tasq,0,196,5444,0
tasq,0,197,7113,0
tasq,0,198,3554,0
tasq,0,199,8180,0
tasq,0,200,13706,0
tasq,0,201,13156,0
tasq,0,202,5115,0
tasq,0,203,2673,0
tasq,0,204,7411,0
tasq,0,205,8705,0
tasq,0,206,19542,0
tasq,0,207,4082,0
tasq,0,208,10022,0
tasq,0,209,5646,0
tasq,0,210,17719,0
tasq,0,211,10851,0
tasq,0,212,5432,0
tasq,0,213,1550,0
tasq,0,214,6103,0
tasq,0,215,18101,0
tasq,0,216,8573,0
tasq,0,217,3840,0
tasq,0,218,5571,0
tasq,0,219,4240,0
tasq,0,220,10614,0
tasq,0,221,13118,0
tasq,0,222,1033,0
tasq,0,223,3138,0
tasq,0,224,23626,0
tasq,0,225,23770,0
tasq,0,226,10116,0
tasq,0,227,4475,0
tasq,0,228,2001,0
tasq,0,229,10236,0
tasq,0,230,9231,0
tasq,0,231,12795,0
tasq,0,232,8588,0
tasq,0,233,3340,0
tasq,0,234,23143,0
tasq,0,235,10503,0
tasq,0,236,14164,0
tasq,0,237,18961,0
tasq,0,238,2856,0
tasq,0,239,32768,1
tasq,0,240,3343,0
tasq,0,241,15488,0
tasq,0,242,32768,1
tasq,0,243,20061,0
tasq,0,244,4780,0
tasq,0,245,3664,0
tasq,0,246,24095,0
tasq,0,247,15915,0
tasq,0,248,15736,0
tasq,0,249,521,0
tasq,0,250,14321,0
tasq,0,251,8973,0
tasq,0,252,7679,0
tasq,0,253,32768,1
tasq,0,254,26645,0
tasq,0,255,4413,0
tasq,0,256,12671,0
tasq,0,257,10766,0
tasq,0,258,15343,0
tasq,0,259,6502,0
tasq,0,260,7956,0
tasq,0,261,21293,0
tasq,0,262,13347,0
tasq,0,263,22906,0
tasq,0,264,601,0
tasq,0,265,4438,0
tasq,0,266,10487,0
tasq,0,267,32768,1
tasq,0,268,23099,0
tasq,0,269,16427,0
tasq,0,270,4772,0
tasq,0,271,13979,0
tasq,0,272,5748,0
tasq,0,273,17646,0
tasq,0,274,6795,0
tasq,0,275,6041,0
tasq,0,276,13251,0
tasq,0,277,11270,0
tasq,0,278,16730,0
tasq,0,279,577,0
tasq,0,280,5441,0
tasq,0,281,22813,0
tasq,0,282,6661,0
tasq,0,283,14331,0
tasq,0,284,1344,0
tasq,0,285,6701,0
tasq,0,286,9069,0
tasq,0,287,5371,0
tasq,0,288,21554,0
tasq,0,289,4003,0
tasq,0,290,3379,0
tasq,0,291,6689,0
tasq,0,292,12214,0
tasq,0,293,7992,0
tasq,0,294,1647,0
tasq,0,295,11100,0
tasq,0,296,8127,0
tasq,0,297,18459,0
tasq,0,298,15309,0
tasq,0,299,2466,0
tasq,0,300,1638,0
tasq,0,301,15697,0
tasq,0,302,16239,0
tasq,0,303,11927,0
tasq,0,304,7729,0
tasq,0,305,1378,0
tasq,0,306,9617,0
tasq,0,307,4634,0
tasq,0,308,6694,0
tasq,0,309,17502,0
tasq,0,310,32768,1
tasq,0,311,1283,0
tasq,0,312,2749,0
tasq,0,313,7788,0
tasq,0,314,19458,0
tasq,0,315,11082,0
tasq,0,316,2920,0
tasq,0,317,3463,0
tasq,0,318,6092,0
tasq,0,319,13009,0
tasq,0,320,32768,1
tasq,0,321,746,0
tasq,0,322,8733,0
tasq,0,323,28670,0
tasq,0,324,4272,0
tasq,0,325,10884,0
tasq,0,326,656,0
tasq,0,327,3061,0
tasq,0,328,5344,0
tasq,0,329,5668,0
tasq,0,330,27452,0
tasq,0,331,17453,0
tasq,0,332,518,0
tasq,0,333,2515,0
tasq,0,334,7122,0
tasq,0,335,10276,0
tasq,0,336,18495,0
tasq,0,337,1406,0
tasq,0,338,4290,0
tasq,0,339,5930,0
tasq,0,340,25392,0
tasq,0,341,14074,0
tasq,0,342,1357,0
tasq,0,343,3403,0
tasq,0,344,8920,0
tasq,0,345,23629,0
tasq,0,346,1516,0
tasq,0,347,5822,0
tasq,0,348,9104,0
tasq,0,349,14913,0
tasq,0,350,21374,0
tasq,0,351,281,0
tasq,0,352,7724,0
tasq,0,353,32768,1
tasq,0,354,6388,0
tasq,0,355,11768,0
tasq,0,356,1407,0
tasq,0,357,2013,0
tasq,0,358,22475,0
tasq,0,359,20779,0
tasq,0,360,722,0
tasq,0,361,1954,0
tasq,0,362,8677,0
tasq,0,363,32768,1
tasq,0,364,794,0
tasq,0,365,6262,0
tasq,0,366,5826,0
tasq,0,367,11804,0
tasq,0,368,10310,0
tasq,0,369,2957,0
tasq,0,370,2275,0
tasq,0,371,7794,0
tasq,0,372,19203,0
tasq,0,373,23831,0
tasq,0,374,16283,0
tasq,0,375,1592,0
tasq,0,376,9360,0
tasq,0,377,7405,0
tasq,0,378,14556,0
tasq,0,379,3500,0
tasq,0,380,2066,0
tasq,0,381,8163,0
tasq,0,382,7768,0
tasq,0,383,19478,0
tasq,0,384,2101,0
tasq,0,385,16627,0
tasq,0,386,32768,1
tasq,0,387,5654,0
tasq,0,388,18424,0
tasq,0,389,21858,0
tasq,0,390,4164,0
tasq,0,391,3872,0
tasq,0,392,11173,0
tasq,0,393,16969,0
tasq,0,394,19849,0
tasq,0,395,3483,0
tasq,0,396,2477,0
tasq,0,397,10065,0
tasq,0,398,5105,0
tasq,0,399,16580,0
tasq,0,400,10538,0
tasq,0,401,1644,0
tasq,0,402,5328,0
tasq,0,403,5421,0
tasq,0,404,18510,0
tasq,0,405,16957,0
tasq,0,406,6958,0
tasq,0,407,24843,0
tasq,0,408,7033,0
tasq,0,409,23337,0
tasq,0,410,608,0
tasq,0,411,5593,0
tasq,0,412,32768,1
tasq,0,413,2512,0
tasq,0,414,32768,1
tasq,0,415,958,0
tasq,0,416,3592,0
tasq,0,417,4930,0
tasq,0,418,835,0
tasq,0,419,25441,0
tasq,0,420,13658,0
tasq,0,421,5652,0
tasq,0,422,1357,0
tasq,0,423,5437,0
tasq,0,424,13217,0
tasq,0,425,18512,0
tasq,0,426,2747,0
tasq,0,427,13180,0
tasq,0,428,3616,0
tasq,0,429,9392,0
tasq,0,430,7532,0
tasq,0,431,2511,0
tasq,0,432,1478,0
tasq,0,433,15529,0
tasq,0,434,7188,0
tasq,0,435,5451,0
tasq,0,436,28337,0
tasq,0,437,11402,0
tasq,0,438,4296,0
tasq,0,439,7597,0
tasq,0,440,6587,0
tasq,0,441,7266,0
tasq,0,442,14266,0
tasq,0,443,8810,0
tasq,0,444,2460,0
tasq,0,445,14589,0
tasq,0,446,8721,0
tasq,0,447,2923,0
tasq,0,448,4450,0
tasq,0,449,7597,0
tasq,0,450,7081,0
tasq,0,451,14081,0
tasq,0,452,15038,0
tasq,0,453,1817,0
tasq,0,454,12477,0
tasq,0,455,1478,0
tasq,0,456,10736,0
tasq,0,457,1398,0
tasq,0,458,4800,0
tasq,0,459,7972,0
tasq,0,460,23532,0
tasq,0,461,5041,0
tasq,0,462,2010,0
tasq,0,463,10823,0
tasq,0,464,13032,0
tasq,0,465,919,0
tasq,0,466,4042,0
tasq,0,467,8554,0
tasq,0,468,12966,0
tasq,0,469,1330,0
tasq,0,470,2832,0
tasq,0,471,11816,0
tasq,0,472,4337,0
tasq,0,473,8172,0
tasq,0,474,22177,0
tasq,0,475,10299,0
tasq,0,476,2883,0
tasq,0,477,8129,0
tasq,0,478,13468,0
tasq,0,479,1110,0
tasq,0,480,7829,0
tasq,0,481,7684,0
tasq,0,482,32768,1
tasq,0,483,3878,0
tasq,0,484,5675,0
tasq,0,485,18509,0
tasq,0,486,749,0
tasq,0,487,13822,0
tasq,0,488,1449,0
tasq,0,489,3331,0
tasq,0,490,13283,0
tasq,0,491,11303,0
tasq,0,492,3242,0
tasq,0,493,5158,0
tasq,0,494,9106,0
tasq,0,495,12033,0
tasq,0,496,6077,0
tasq,0,497,4404,0
tasq,0,498,19928,0
tasq,0,499,1712,0
tasq,0,500,7620,0
tasq,0,501,898,0
tasq,0,502,6019,0
tasq,0,503,9870,0
tasq,0,504,3040,0
tasq,0,505,3779,0
tasq,0,506,17453,0
tasq,0,507,8726,0
tasq,0,508,22108,0
tasq,0,509,1923,0
tasq,0,510,2476,0
tasq,0,511,1727,0
tasq,0,512,8046,0
tasq,0,513,32768,1
tasq,0,514,9266,0
tasq,0,515,1896,0
tasq,0,516,11204,0
tasq,0,517,3942,0
tasq,0,518,11284,0
tasq,0,519,3493,0
tasq,0,520,26941,0
tasq,0,521,18422,0
tasq,0,522,5308,0
tasq,0,523,2955,0
tasq,0,524,7728,0
tasq,0,525,648,0
tasq,0,526,26277,0
tasq,0,527,3934,0
tasq,0,528,22443,0
tasq,0,529,865,0
tasq,0,530,10795,0
tasq,0,531,9174,0
tasq,0,532,6052,0
tasq,0,533,14293,0
tasq,0,534,941,0
tasq,0,535,13054,0
tasq,0,536,16980,0
tasq,0,537,2096,0
tasq,0,538,2974,0
tasq,0,539,21753,0
tasq,0,540,5653,0
tasq,0,541,8753,0
tasq,0,542,9010,0
tasq,0,543,20368,0
tasq,0,544,8297,0
tasq,0,545,1203,0
tasq,0,546,2408,0
tasq,0,547,2313,0
tasq,0,548,18307,0
tasq,0,549,4072,0
tasq,0,550,9644,0
tasq,0,551,17930,0
tasq,0,552,16034,0
tasq,0,553,4095,0
tasq,0,554,23120,0
tasq,0,555,32768,1
tasq,0,556,7153,0
tasq,0,557,22994,0
tasq,0,558,7500,0
tasq,0,559,2075,0
tasq,0,560,946,0
tasq,0,561,12071,0
tasq,0,562,32768,1
tasq,0,563,11734,0
tasq,0,564,1456,0
tasq,0,565,4826,0
tasq,0,566,5172,0
tasq,0,567,3522,0
tasq,0,568,7256,0
tasq,0,569,19890,0
tasq,0,570,4469,0
tasq,0,571,7391,0
tasq,0,572,9801,0
tasq,0,573,3320,0
tasq,0,574,3112,0
tasq,0,575,19457,0
tasq,0,576,7013,0
tasq,0,577,7300,0
tasq,0,578,11652,0
tasq,0,579,4006,0
tasq,0,580,4188,0
tasq,0,581,12245,0
tasq,0,582,8787,0
tasq,0,583,5382,0
tasq,0,584,9411,0
tasq,0,585,4610,0
tasq,0,586,12884,0
tasq,0,587,23163,0
tasq,0,588,6083,0
tasq,0,589,3430,0
tasq,0,590,6334,0
tasq,0,591,17651,0
tasq,0,592,12945,0
tasq,0,593,5665,0
tasq,0,594,12446,0
tasq,0,595,1154,0
tasq,0,596,11057,0
tasq,0,597,2895,0
tasq,0,598,11400,0
tasq,0,599,11875,0
tasq,0,600,3359,0
tasq,0,601,13530,0
tasq,0,602,13681,0
tasq,0,603,2615,0
tasq,0,604,25845,0
tasq,0,605,12144,0
tasq,0,606,3406,0
tasq,0,607,14265,0
tasq,0,608,15736,0
tasq,0,609,5086,0
tasq,0,610,5955,0
tasq,0,611,16727,0
tasq,0,612,23910,0
tasq,0,613,14832,0
tasq,0,614,25495,0
tasq,0,615,14516,0
tasq,0,616,3880,0
tasq,0,617,6445,0
tasq,0,618,19225,0
tasq,0,619,26864,0
tasq,0,620,17778,0
tasq,0,621,3839,0
tasq,0,622,15968,0
tasq,0,623,8078,0
tasq,0,624,25670,0
tasq,0,625,9299,0
tasq,0,626,17699,0
tasq,0,627,1738,0
tasq,0,628,6701,0
tasq,0,629,9839,0
tasq,0,630,18349,0
tasq,0,631,20133,0
tasq,0,632,32768,1
tasq,0,633,6020,0
tasq,0,634,25017,0
tasq,0,635,9518,0
tasq,0,636,3881,0
tasq,0,637,3981,0
tasq,0,638,21860,0
tasq,0,639,1200,0
tasq,0,640,20209,0
tasq,0,641,11312,0
tasq,0,642,25154,0
tasq,0,643,16649,0
tasq,0,644,4630,0
tasq,0,645,22679,0
tasq,0,646,2501,0
tasq,0,647,6658,0
tasq,0,648,32768,1
tasq,0,649,16499,0
tasq,0,650,22228,0
tasq,0,651,11904,0
tasq,0,652,8154,0
tasq,0,653,15576,0
tasq,0,654,8338,0
tasq,0,655,20077,0
tasq,0,656,16882,0
tasq,0,657,32768,1
tasq,0,658,5350,0
tasq,0,659,1422,0
tasq,0,660,2658,0
tasq,0,661,29342,0
tasq,0,662,23658,0
tasq,0,663,5794,0
tasq,0,664,25136,0
tasq,0,665,32768,1
tasq,0,666,28467,0
tasq,0,667,22453,0
tasq,0,668,25704,0
tasq,0,669,15055,0
tasq,0,670,14183,0
tasq,0,671,32768,1
tasq,0,672,16787,0
tasq,0,673,22281,0
tasq,0,674,17969,0
tasq,0,675,20777,0
tasq,0,676,20036,0
tasq,0,677,8795,0
tasq,0,678,6378,0
tasq,0,679,16216,0
tasq,0,680,16245,0
tasq,0,681,2576,0
tasq,0,682,9465,0
tasq,0,683,2182,0
tasq,0,684,6867,0
tasq,0,685,8759,0
tasq,0,686,12837,0
tasq,0,687,2702,0
tasq,0,688,8329,0
tasq,0,689,10059,0
tasq,0,690,15876,0
tasq,0,691,7464,0
tasq,0,692,10050,0
tasq,0,693,5119,0
tasq,0,694,12650,0
tasq,0,695,5667,0
tasq,0,696,1336,0
tasq,0,697,15693,0
tasq,0,698,13710,0
tasq,0,699,32768,1
tasq,0,700,15532,0
tasq,0,701,12613,0
tasq,0,702,2021,0
tasq,0,703,8014,0
tasq,0,704,13667,0
tasq,0,705,9641,0
tasq,0,706,6934,0
tasq,0,707,6437,0
tasq,0,708,7691,0
tasq,0,709,4022,0
tasq,0,710,14637,0
tasq,0,711,14614,0
tasq,0,712,12492,0
tasq,0,713,9192,0
tasq,0,714,22390,0
tasq,0,715,3945,0
tasq,0,716,21981,0
tasq,0,717,26462,0
tasq,0,718,886,0
tasq,0,719,15005,0
tasq,0,720,16804,0
tasq,0,721,5398,0
tasq,0,722,15673,0
tasq,0,723,4289,0
tasq,0,724,7266,0
tasq,0,725,23100,0
tasq,0,726,19314,0
tasq,0,727,21564,0
tasq,0,728,9722,0
tasq,0,729,32768,1
tasq,0,730,2244,0
tasq,0,731,26064,0
tasq,0,732,13691,0
tasq,0,733,13235,0
tasq,0,734,8332,0
tasq,0,735,5741,0
tasq,0,736,3606,0
tasq,0,737,15116,0
tasq,0,738,22877,0
tasq,0,739,17067,0
tasq,0,740,7829,0
tasq,0,741,21349,0
tasq,0,742,14815,0
tasq,0,743,5921,0
tasq,0,744,32768,1
tasq,0,745,13646,0
tasq,0,746,2781,0
tasq,0,747,4164,0
tasq,0,748,3977,0
tasq,0,749,7471,0
tasq,0,750,12143,0
tasq,0,751,16447,0
tasq,0,752,20379,0
tasq,0,753,14223,0
tasq,0,754,1091,0
tasq,0,755,19317,0
tasq,0,756,18840,0
tasq,0,757,31081,0
tasq,0,758,32768,1
tasq,0,759,3544,0
tasq,0,760,32768,1
tasq,0,761,3232,0
tasq,0,762,7509,0
tasq,0,763,24890,0
tasq,0,764,5978,0
tasq,0,765,11636,0
tasq,0,766,12158,0
tasq,0,767,9407,0
tasq,0,768,4870,0
tasq,0,769,4529,0
tasq,0,770,19002,0
tasq,0,771,21157,0
tasq,0,772,14729,0
tasq,0,773,7552,0
tasq,0,774,3214,0
tasq,0,775,26622,0
tasq,0,776,6420,0
tasq,0,777,15753,0
tasq,0,778,2504,0
tasq,0,779,18494,0
tasq,0,780,9521,0
tasq,0,781,3174,0
tasq,0,782,19119,0
tasq,0,783,12431,0
tasq,0,784,7314,0
tasq,0,785,29856,0
tasq,0,786,5131,0
tasq,0,787,11853,0
tasq,0,788,22943,0
tasq,0,789,20829,0
tasq,0,790,11899,0
tasq,0,791,9297,0
tasq,0,792,8229,0
tasq,0,793,32768,1
tasq,0,794,6940,0
tasq,0,795,7747,0
tasq,0,796,22303,0
tasq,0,797,19002,0
tasq,0,798,15704,0
tasq,0,799,21978,0
tasq,0,800,15971,0
tasq,0,801,20910,0
tasq,0,802,17379,0
tasq,0,803,17342,0
tasq,0,804,17733,0
tasq,0,805,14631,0
tasq,0,806,14567,0
tasq,0,807,15054,0
tasq,0,808,24164,0
tasq,0,809,32768,1
tasq,0,810,17069,0
tasq,0,811,17477,0
tasq,0,812,14845,0
tasq,0,813,25312,0
tasq,0,814,17154,0
tasq,0,815,32768,1
tasq,0,816,32768,1
tasq,0,817,23245,0
tasq,0,818,8840,0
tasq,0,819,14734,0
tasq,0,820,11785,0
tasq,0,821,20379,0
tasq,0,822,11458,0
tasq,0,823,16998,0
tasq,0,824,7133,0
tasq,0,825,6064,0
tasq,0,826,18804,0
tasq,0,827,997,0
tasq,0,828,8086,0
tasq,0,829,16678,0
tasq,0,830,4947,0
tasq,0,831,8761,0
tasq,0,832,18638,0
tasq,0,833,12332,0
tasq,0,834,8012,0
tasq,0,835,16978,0
tasq,0,836,4037,0
tasq,0,837,10137,0
tasq,0,838,14967,0
tasq,0,839,14409,0
tasq,0,840,19387,0
tasq,0,841,11091,0
tasq,0,842,8756,0
tasq,0,843,7402,0
tasq,0,844,3389,0
tasq,0,845,15016,0
tasq,0,846,4515,0
tasq,0,847,16823,0
tasq,0,848,15749,0
tasq,0,849,10941,0
tasq,0,850,2575,0
tasq,0,851,7481,0
tasq,0,852,4836,0
tasq,0,853,9665,0
tasq,0,854,6312,0
tasq,0,855,6483,0
tasq,0,856,7618,0
tasq,0,857,15453,0
tasq,0,858,12452,0
tasq,0,859,5081,0
tasq,0,860,16450,0
tasq,0,861,14594,0
tasq,0,862,20807,0
tasq,0,863,4418,0
tasq,0,864,8644,0
tasq,0,865,11293,0
tasq,0,866,14117,0
tasq,0,867,18714,0
tasq,0,868,8460,0
tasq,0,869,2448,0
tasq,0,870,8128,0
tasq,0,871,15893,0
tasq,0,872,18914,0
tasq,0,873,9775,0
tasq,0,874,6335,0
tasq,0,875,17282,0
tasq,0,876,10643,0
tasq,0,877,6344,0
tasq,0,878,12231,0
tasq,0,879,13010,0
tasq,0,880,2689,0
tasq,0,881,21506,0
tasq,0,882,743,0
tasq,0,883,23788,0
tasq,0,884,21318,0
tasq,0,885,1572,0
tasq,0,886,16505,0
tasq,0,887,8103,0
tasq,0,888,190,0
tasq,0,889,32768,1
tasq,0,890,8032,0
tasq,0,891,21211,0
tasq,0,892,6359,0
tasq,0,893,538,0
tasq,0,894,16408,0
tasq,0,895,11897,0
tasq,0,896,24363,0
tasq,0,897,14516,0
tasq,0,898,24321,0
tasq,0,899,2815,0
tasq,0,900,4687,0
tasq,0,901,18203,0
tasq,0,902,17400,0
tasq,0,903,13843,0
tasq,0,904,16776,0
tasq,0,905,32768,1
tasq,0,906,790,0
tasq,0,907,22476,0
tasq,0,908,17209,0
tasq,0,909,7008,0
tasq,0,910,4166,0
tasq,0,911,18383,0
tasq,0,912,6736,0
tasq,0,913,8531,0
tasq,0,914,19323,0
tasq,0,915,6770,0
tasq,0,916,1984,0
tasq,0,917,27096,0
tasq,0,918,18133,0
tasq,0,919,11602,0
tasq,0,920,3888,0
tasq,0,921,29064,0
tasq,0,922,649,0
tasq,0,923,18173,0
tasq,0,924,1072,0
tasq,0,925,16220,0
tasq,0,926,10687,0
tasq,0,927,20179,0
tasq,0,928,6048,0
tasq,0,929,11796,0
tasq,0,930,12513,0
tasq,0,931,3819,0
tasq,0,932,12244,0
tasq,0,933,21673,0
tasq,0,934,10004,0
tasq,0,935,17382,0
tasq,0,936,4723,0
tasq,0,937,12385,0
tasq,0,938,6853,0
tasq,0,939,2417,0
tasq,0,940,12127,0
tasq,0,941,16129,0
tasq,0,942,10652,0
tasq,0,943,24085,0
tasq,0,944,21801,0
tasq,0,945,662,0
tasq,0,946,15435,0
tasq,0,947,20973,0
tasq,0,948,5872,0
tasq,0,949,17060,0
tasq,0,950,8459,0
tasq,0,951,3682,0
tasq,0,952,22478,0
tasq,0,953,23243,0
tasq,0,954,22612,0
tasq,0,955,2291,0
tasq,0,956,4556,0
tasq,0,957,31831,0
tasq,0,958,4860,0
tasq,0,959,12196,0
tasq,0,960,22692,0
tasq,0,961,954,0
tasq,0,962,6830,0
tasq,0,963,11885,0
tasq,0,964,32768,1
tasq,0,965,19549,0
tasq,0,966,12536,0
tasq,0,967,28294,0
tasq,0,968,16642,0
tasq,0,969,19065,0
tasq,0,970,19686,0
tasq,0,971,27893,0
tasq,0,972,11751,0
tasq,0,973,27932,0
tasq,0,974,16765,0
tasq,0,975,25144,0
tasq,0,976,17543,0
tasq,0,977,20645,0
tasq,0,978,17977,0
tasq,0,979,26687,0
tasq,0,980,18670,0
tasq,0,981,21946,0
tasq,0,982,16055,0
tasq,0,983,32768,1
tasq,0,984,15791,0
tasq,0,985,23259,0
tasq,0,986,23321,0
tasq,0,987,18223,0
tasq,0,988,32768,1
tasq,0,989,15359,0
tasq,0,990,19327,0
tasq,0,991,14414,0
tasq,0,992,4992,0
tasq,0,993,19294,0
tasq,0,994,15207,0
tasq,0,995,16226,0
tasq,0,996,1991,0
tasq,0,997,9888,0
tasq,0,998,13914,0
tasq,0,999,14905,0
tasq,0,1000,3551,0
tasq,0,1001,12355,0
tasq,0,1002,21295,0
tasq,0,1003,3054,0
tasq,0,1004,14638,0
tasq,0,1005,13791,0
tasq,0,1006,11069,0
tasq,0,1007,9441,0
tasq,0,1008,18259,0
tasq,0,1009,11446,0
tasq,0,1010,4394,0
tasq,0,1011,27269,0
tasq,0,1012,13156,0
tasq,0,1013,16543,0
tasq,0,1014,3125,0
tasq,0,1015,7256,0
tasq,0,1016,9331,0
tasq,0,1017,6131,0
tasq,0,1018,16463,0
tasq,0,1019,23584,0
tasq,0,1020,15313,0
tasq,0,1021,11773,0
tasq,0,1022,15917,0
tasq,0,1023,16917,0
tasq,0,1024,10915,0
tasq,0,1025,17799,0
tasq,0,1026,12528,0
tasq,0,1027,9282,0
tasq,0,1028,1815,0
tasq,0,1029,4458,0
tasq,0,1030,21706,0
tasq,0,1031,8079,0
tasq,0,1032,20514,0
tasq,0,1033,9240,0
tasq,0,1034,11364,0
tasq,0,1035,4861,0
tasq,0,1036,22657,0
tasq,0,1037,1295,0
tasq,0,1038,13945,0
tasq,0,1039,10842,0
tasq,0,1040,3897,0
tasq,0,1041,17973,0
tasq,0,1042,14241,0
tasq,0,1043,4170,0
tasq,0,1044,22551,0
tasq,0,1045,15547,0
tasq,0,1046,1942,0
tasq,0,1047,6497,0
tasq,0,1048,13381,0
tasq,0,1049,23668,0
tasq,0,1050,5580,0
tasq,0,1051,16082,0
tasq,0,1052,1826,0
tasq,0,1053,15780,0
tasq,0,1054,17078,0
tasq,1,0,3036,0
tasq,1,1,3771,0
tasq,1,2,6925,0
tasq,1,3,17211,0
tasq,1,4,23785,0
tasq,1,5,6454,0
tasq,1,6,9149,0
tasq,1,7,11446,0
tasq,1,8,8162,0
tasq,1,9,1363,0
tasq,1,10,4091,0
tasq,1,11,8943,0
tasq,1,12,3268,0
tasq,1,13,6675,0
tasq,1,14,2169,0
tasq,1,15,9970,0
tasq,1,16,2127,0
tasq,1,17,7611,0
tasq,1,18,7979,0
tasq,1,19,5403,0
tasq,1,20,5301,0
tasq,1,21,4415,0
tasq,1,22,3466,0
tasq,1,23,3008,0
tasq,1,24,8205,0
tasq,1,25,9701,0
tasq,1,26,16350,0
tasq,1,27,4141,0
tasq,1,28,4276,0
tasq,1,29,5901,0
tasq,1,30,24253,0
tasq,1,31,2729,0
tasq,1,32,5897,0
tasq,1,33,4774,0
tasq,1,34,7956,0
tasq,1,35,11606,0
tasq,1,36,4265,0
tasq,1,37,7141,0
tasq,1,38,7625,0
tasq,1,39,4110,0
tasq,1,40,8387,0
tasq,1,41,10331,0
tasq,1,42,1129,0
tasq,1,43,4215,0
tasq,1,44,3059,0
tasq,1,45,6845,0
tasq,1,46,16077,0
tasq,1,47,19866,0
tasq,1,48,9698,0
tasq,1,49,5243,0
tasq,1,50,7471,0
tasq,1,51,6825,0
tasq,1,52,6427,0
tasq,1,53,3688,0
tasq,1,54,8937,0
tasq,1,55,7601,0
tasq,1,56,8780,0
tasq,1,57,5385,0
tasq,1,58,4056,0
tasq,1,59,611,0
tasq,1,60,9936,0
tasq,1,61,8009,0
tasq,1,62,11233,0
tasq,1,63,2698,0
tasq,1,64,7410,0
tasq,1,65,6379,0
tasq,1,66,9451,0
tasq,1,67,3360,0
tasq,1,68,5671,0
tasq,1,69,10563,0
tasq,1,70,11995,0
tasq,1,71,4562,0
tasq,1,72,11008,0
tasq,1,73,2141,0
tasq,1,74,9170,0
tasq,1,75,8786,0
tasq,1,76,1119,0
tasq,1,77,12063,0
tasq,1,78,11309,0
tasq,1,79,16446,0
tasq,1,80,13199,0
tasq,1,81,6800,0
tasq,1,82,5886,0
tasq,1,83,2643,0
tasq,1,84,1255,0
tasq,1,85,7373,0
tasq,1,86,1660,0
tasq,1,87,3755,0
tasq,1,88,12212,0
tasq,1,89,11882,0
tasq,1,90,6234,0
tasq,1,91,3685,0
tasq,1,92,21098,0
tasq,1,93,24601,0
tasq,1,94,6805,0
tasq,1,95,17412,0
tasq,1,96,9490,0
tasq,1,97,3332,0
tasq,1,98,6038,0
tasq,1,99,6679,0
tasq,1,100,9269,0
tasq,1,101,8317,0
tasq,1,102,3527,0
tasq,1,103,7109,0
tasq,1,104,9690,0
tasq,1,105,15916,0
tasq,1,106,1044,0
tasq,1,107,3907,0
tasq,1,108,9195,0
tasq,1,109,5981,0
tasq,1,110,6119,0
tasq,1,111,10921,0
tasq,1,112,7008,0
tasq,1,113,4379,0
tasq,1,114,12213,0
tasq,1,115,5120,0
tasq,1,116,2518,0
tasq,1,117,5990,0
tasq,1,118,12962,0
tasq,1,119,6840,0
tasq,1,120,2261,0
tasq,1,121,4829,0
tasq,1,122,5802,0
tasq,1,123,1451,0
tasq,1,124,22668,0
tasq,1,125,2772,0
tasq,1,126,11193,0
tasq,1,127,11143,0
tasq,1,128,3797,0
tasq,1,129,706,0
tasq,1,130,3562,0
tasq,1,131,9604,0
tasq,1,132,7867,0
tasq,1,133,14505,0
tasq,1,134,14802,0
tasq,1,135,1185,0
tasq,1,136,5627,0
tasq,1,137,8990,0
tasq,1,138,8458,0
tasq,1,139,6554,0
tasq,1,140,6737,0
tasq,1,141,10164,0
tasq,1,142,11884,0
tasq,1,143,2466,0
tasq,1,144,786,0
tasq,1,145,10295,0
tasq,1,146,21933,0
tasq,1,147,5213,0
tasq,1,148,1267,0
tasq,1,149,3524,0
tasq,1,150,11459,0
tasq,1,151,10712,0
tasq,1,152,10933,0
tasq,1,153,18410,0
tasq,1,154,12891,0
tasq,1,155,1946,0
tasq,1,156,9193,0
tasq,1,157,5610,0
tasq,1,158,8777,0
tasq,1,159,8787,0
tasq,1,160,1816,0
tasq,1,161,14964,0
tasq,1,162,14707,0
tasq,1,163,5564,0
tasq,1,164,1692,0
tasq,1,165,5205,0
tasq,1,166,2407,0
tasq,1,167,8183,0
tasq,1,168,12331,0
tasq,1,169,9470,0
tasq,1,170,3586,0
tasq,1,171,12814,0
tasq,1,172,7482,0
tasq,1,173,3992,0
tasq,1,174,8181,0
tasq,1,175,12107,0
tasq,1,176,14854,0
tasq,1,177,6792,0
tasq,1,178,24292,0
tasq,1,179,11590,0
tasq,1,180,8423,0
tasq,1,181,2700,0
tasq,1,182,933,0
tasq,1,183,1037,0
tasq,1,184,17623,0
tasq,1,185,6334,0
tasq,1,186,5637,0
tasq,1,187,6181,0
tasq,1,188,3214,0
tasq,1,189,1681,0
tasq,1,190,6724,0
tasq,1,191,7335,0
tasq,1,192,14548,0
tasq,1,193,26506,0
tasq,1,194,21271,0
tasq,1,195,32768,1
tasq,1,196,4882,0
tasq,1,197,8930,0
tasq,1,198,5436,0
tasq,1,199,6451,0
tasq,1,200,12092,0
tasq,1,201,12463,0
tasq,1,202,4815,0
tasq,1,203,2916,0
tasq,1,204,6041,0
tasq,1,205,14004,0
tasq,1,206,17352,0
tasq,1,207,3057,0
tasq,1,208,5436,0
tasq,1,209,3801,0
tasq,1,210,14076,0
tasq,1,211,11215,0
tasq,1,212,5281,0
tasq,1,213,1759,0
tasq,1,214,7556,0
tasq,1,215,23693,0
tasq,1,216,26759,0
tasq,1,217,3531,0
tasq,1,218,4648,0
tasq,1,219,6173,0
tasq,1,220,15810,0
tasq,1,221,19982,0
tasq,1,222,914,0
tasq,1,223,5168,0
tasq,1,224,23425,0
tasq,1,225,18728,0
tasq,1,226,6035,0
tasq,1,227,4081,0
tasq,1,228,2021,0
tasq,1,229,9091,0
tasq,1,230,8720,0
tasq,1,231,13631,0
tasq,1,232,12028,0
tasq,1,233,2805,0
tasq,1,234,16679,0
tasq,1,235,10250,0
tasq,1,236,14721,0
tasq,1,237,13284,0
tasq,1,238,2567,0
tasq,1,239,7802,0
tasq,1,240,5236,0
tasq,1,241,32768,1
tasq,1,242,18503,0
tasq,1,243,17485,0
tasq,1,244,5934,0
tasq,1,245,3336,0
tasq,1,246,10964,0
tasq,1,247,15541,0
tasq,1,248,13243,0
tasq,1,249,258,0
tasq,1,250,13038,0
tasq,1,251,10929,0
tasq,1,252,9869,0
tasq,1,253,27639,0
tasq,1,254,19931,0
tasq,1,255,5036,0
tasq,1,256,8673,0
tasq,1,257,11764,0
tasq,1,258,12190,0
tasq,1,259,7248,0
tasq,1,260,6598,0
tasq,1,261,22719,0
tasq,1,262,10544,0
tasq,1,263,29649,0
tasq,1,264,744,0
tasq,1,265,2469,0
tasq,1,266,14699,0
tasq,1,267,20677,0
tasq,1,268,17466,0
tasq,1,269,19869,0
tasq,1,270,3383,0
tasq,1,271,10625,0
tasq,1,272,6204,0
tasq,1,273,13512,0
tasq,1,274,7654,0
tasq,1,275,7167,0
tasq,1,276,18774,0
tasq,1,277,9397,0
tasq,1,278,15390,0
tasq,1,279,261,0
tasq,1,280,3126,0
tasq,1,281,14588,0
tasq,1,282,6266,0
tasq,1,283,12422,0
tasq,1,284,2169,0
tasq,1,285,6374,0
tasq,1,286,9379,0
tasq,1,287,3604,0
tasq,1,288,28786,0
tasq,1,289,1153,0
tasq,1,290,2477,0
tasq,1,291,5055,0
tasq,1,292,13735,0
tasq,1,293,12611,0
tasq,1,294,4643,0
tasq,1,295,11460,0
tasq,1,296,9222,0
tasq,1,297,10871,0
tasq,1,298,16306,0
tasq,1,299,4437,0
tasq,1,300,3153,0
tasq,1,301,14574,0
tasq,1,302,16179,0
tasq,1,303,10931,0
tasq,1,304,7596,0
tasq,1,305,1910,0
tasq,1,306,24463,0
tasq,1,307,5121,0
tasq,1,308,10419,0
tasq,1,309,14567,0
tasq,1,310,32768,1
tasq,1,311,1293,0
tasq,1,312,5783,0
tasq,1,313,8316,0
tasq,1,314,17461,0
tasq,1,315,32768,1
tasq,1,316,2136,0
tasq,1,317,3385,0
tasq,1,318,5045,0
tasq,1,319,7298,0
tasq,1,320,15326,0
tasq,1,321,580,0
tasq,1,322,5341,0
tasq,1,323,17791,0
tasq,1,324,22935,0
tasq,1,325,9196,0
tasq,1,326,1357,0
tasq,1,327,2813,0
tasq,1,328,5317,0
tasq,1,329,5186,0
tasq,1,330,20386,0
tasq,1,331,12015,0
tasq,1,332,615,0
tasq,1,333,2034,0
tasq,1,334,6633,0
tasq,1,335,5989,0
tasq,1,336,18569,0
tasq,1,337,1740,0
tasq,1,338,6177,0
tasq,1,339,5214,0
tasq,1,340,27277,0
tasq,1,341,20921,0
tasq,1,342,1654,0
tasq,1,343,2049,0
tasq,1,344,8077,0
tasq,1,345,9832,0
tasq,1,346,168,0
tasq,1,347,4943,0
tasq,1,348,10724,0
tasq,1,349,12064,0
tasq,1,350,19842,0
tasq,1,351,276,0
tasq,1,352,11387,0
tasq,1,353,21808,0
tasq,1,354,6661,0
tasq,1,355,11850,0
tasq,1,356,912,0
tasq,1,357,1533,0
tasq,1,358,15896,0
tasq,1,359,20622,0
tasq,1,360,2409,0
tasq,1,361,1983,0
tasq,1,362,6296,0
tasq,1,363,30447,0
tasq,1,364,719,0
tasq,1,365,6053,0
tasq,1,366,10124,0
tasq,1,367,32768,1
tasq,1,368,7225,0
tasq,1,369,2238,0
tasq,1,370,4745,0
tasq,1,371,10531,0
tasq,1,372,23133,0
tasq,1,373,23574,0
tasq,1,374,21219,0
tasq,1,375,2443,0
tasq,1,376,10244,0
tasq,1,377,3402,0
tasq,1,378,16264,0
tasq,1,379,2199,0
tasq,1,380,1603,0
tasq,1,381,9416,0
tasq,1,382,10085,0
tasq,1,383,17765,0
tasq,1,384,1710,0
tasq,1,385,10913,0
tasq,1,386,20386,0
tasq,1,387,6799,0
tasq,1,388,16610,0
tasq,1,389,32768,1
tasq,1,390,7047,0
tasq,1,391,4182,0
tasq,1,392,8805,0
tasq,1,393,17357,0
tasq,1,394,20964,0
tasq,1,395,7281,0
tasq,1,396,3320,0
tasq,1,397,6424,0
tasq,1,398,6705,0
tasq,1,399,17049,0
tasq,1,400,9120,0
tasq,1,401,1202,0
tasq,1,402,5008,0
tasq,1,403,5935,0
tasq,1,404,10032,0
tasq,1,405,32768,1
tasq,1,406,7219,0
tasq,1,407,23108,0
tasq,1,408,8843,0
tasq,1,409,16909,0
tasq,1,410,601,0
tasq,1,411,9279,0
tasq,1,412,32768,1
tasq,1,413,11731,0
tasq,1,414,13978,0
tasq,1,415,1191,0
tasq,1,416,5066,0
tasq,1,417,4745,0
tasq,1,418,1133,0
tasq,1,419,20266,0
tasq,1,420,5801,0
tasq,1,421,5635,0
tasq,1,422,2901,0
tasq,1,423,6298,0
tasq,1,424,17140,0
tasq,1,425,16993,0
tasq,1,426,1243,0
tasq,1,427,11722,0
tasq,1,428,3192,0
tasq,1,429,10286,0
tasq,1,430,9045,0
tasq,1,431,2994,0
tasq,1,432,1593,0
tasq,1,433,15775,0
tasq,1,434,10337,0
tasq,1,435,8513,0
tasq,1,436,21802,0
tasq,1,437,32768,1
tasq,1,438,3052,0
tasq,1,439,5063,0
tasq,1,440,6332,0
tasq,1,441,12845,0
tasq,1,442,12013,0
tasq,1,443,8468,0
tasq,1,444,2259,0
tasq,1,445,8052,0
tasq,1,446,10205,0
tasq,1,447,1868,0
tasq,1,448,3387,0
tasq,1,449,10722,0
tasq,1,450,11344,0
tasq,1,451,15295,0
tasq,1,452,20599,0
tasq,1,453,2127,0
tasq,1,454,10611,0
tasq,1,455,2041,0
tasq,1,456,9282,0
tasq,1,457,990,0
tasq,1,458,8576,0
tasq,1,459,8798,0
tasq,1,460,12996,0
tasq,1,461,4040,0
tasq,1,462,3557,0
tasq,1,463,10512,0
tasq,1,464,15489,0
tasq,1,465,5174,0
tasq,1,466,4542,0
tasq,1,467,6847,0
tasq,1,468,13429,0
tasq,1,469,920,0
tasq,1,470,4992,0
tasq,1,471,11201,0
tasq,1,472,4645,0
tasq,1,473,9558,0
tasq,1,474,26970,0
tasq,1,475,8208,0
tasq,1,476,4076,0
tasq,1,477,9108,0
tasq,1,478,14204,0
tasq,1,479,2221,0
tasq,1,480,7161,0
tasq,1,481,7379,0
tasq,1,482,7851,0
tasq,1,483,3060,0
tasq,1,484,4960,0
tasq,1,485,26813,0
tasq,1,486,765,0
tasq,1,487,19545,0
tasq,1,488,2398,0
tasq,1,489,4341,0
tasq,1,490,14787,0
tasq,1,491,9217,0
tasq,1,492,3775,0
tasq,1,493,3835,0
tasq,1,494,6026,0
tasq,1,495,8528,0
tasq,1,496,5512,0
tasq,1,497,5552,0
tasq,1,498,12432,0
tasq,1,499,1576,0
tasq,1,500,5814,0
tasq,1,501,841,0
tasq,1,502,7224,0
tasq,1,503,7664,0
tasq,1,504,2193,0
tasq,1,505,3491,0
tasq,1,506,17152,0
tasq,1,507,11979,0
tasq,1,508,12788,0
tasq,1,509,4643,0
tasq,1,510,2794,0
tasq,1,511,1667,0
tasq,1,512,9578,0
tasq,1,513,27181,0
tasq,1,514,7071,0
tasq,1,515,755,0
tasq,1,516,14501,0
tasq,1,517,5491,0
tasq,1,518,10858,0
tasq,1,519,2056,0
tasq,1,520,17246,0
tasq,1,521,16434,0
tasq,1,522,3520,0
tasq,1,523,2435,0
tasq,1,524,9425,0
tasq,1,525,262,0
tasq,1,526,26469,0
tasq,1,527,1910,0
tasq,1,528,17249,0
tasq,1,529,687,0
tasq,1,530,10342,0
tasq,1,531,9501,0
tasq,1,532,4310,0
tasq,1,533,14280,0
tasq,1,534,1154,0
tasq,1,535,13567,0
tasq,1,536,15971,0
tasq,1,537,3058,0
tasq,1,538,4855,0
tasq,1,539,32768,1
tasq,1,540,10488,0
tasq,1,541,6018,0
tasq,1,542,7947,0
tasq,1,543,17621,0
tasq,1,544,11480,0
tasq,1,545,2394,0
tasq,1,546,3670,0
tasq,1,547,2522,0
tasq,1,548,28486,0
tasq,1,549,4978,0
tasq,1,550,11176,0
tasq,1,551,18107,0
tasq,1,552,19790,0
tasq,1,553,3320,0
tasq,1,554,16716,0
tasq,1,555,32768,1
tasq,1,556,9459,0
tasq,1,557,26034,0
tasq,1,558,5672,0
tasq,1,559,1207,0
tasq,1,560,1137,0
tasq,1,561,10956,0
tasq,1,562,11240,0
tasq,1,563,6993,0
tasq,1,564,1701,0
tasq,1,565,6782,0
tasq,1,566,9563,0
tasq,1,567,4003,0
tasq,1,568,7753,0
tasq,1,569,19872,0
tasq,1,570,5723,0
tasq,1,571,10215,0
tasq,1,572,15350,0
tasq,1,573,3685,0
tasq,1,574,3637,0
tasq,1,575,20675,0
tasq,1,576,4715,0
tasq,1,577,9885,0
tasq,1,578,10877,0
tasq,1,579,5039,0
tasq,1,580,4920,0
tasq,1,581,20237,0
tasq,1,582,12326,0
tasq,1,583,4896,0
tasq,1,584,13834,0
tasq,1,585,6193,0
tasq,1,586,8410,0
tasq,1,587,23485,0
tasq,1,588,11543,0
tasq,1,589,3635,0
tasq,1,590,10358,0
tasq,1,591,12407,0
tasq,1,592,18150,0
tasq,1,593,4789,0
tasq,1,594,13501,0
tasq,1,595,1503,0
tasq,1,596,12020,0
tasq,1,597,2745,0
tasq,1,598,18381,0
tasq,1,599,9963,0
tasq,1,600,3516,0
tasq,1,601,8616,0
tasq,1,602,24385,0
tasq,1,603,3348,0
tasq,1,604,23553,0
tasq,1,605,7329,0
tasq,1,606,4763,0
tasq,1,607,13020,0
tasq,1,608,21131,0
tasq,1,609,5549,0
tasq,1,610,6235,0
tasq,1,611,21519,0
tasq,1,612,21306,0
tasq,1,613,17573,0
tasq,1,614,32768,1
tasq,1,615,31511,0
tasq,1,616,4375,0
tasq,1,617,4638,0
tasq,1,618,19788,0
tasq,1,619,18904,0
tasq,1,620,17060,0
tasq,1,621,8312,0
tasq,1,622,18128,0
tasq,1,623,10686,0
tasq,1,624,25623,0
tasq,1,625,5384,0
tasq,1,626,18636,0
tasq,1,627,2343,0
tasq,1,628,8267,0
tasq,1,629,11793,0
tasq,1,630,11215,0
tasq,1,631,32768,1
tasq,1,632,32768,1
tasq,1,633,9991,0
tasq,1,634,32768,1
tasq,1,635,5803,0
tasq,1,636,3643,0
tasq,1,637,5772,0
tasq,1,638,21651,0
tasq,1,639,1039,0
tasq,1,640,32768,1
tasq,1,641,13865,0
tasq,1,642,25142,0
tasq,1,643,12649,0
tasq,1,644,4232,0
tasq,1,645,19696,0
tasq,1,646,2193,0
tasq,1,647,5442,0
tasq,1,648,30969,0
tasq,1,649,21985,0
tasq,1,650,13478,0
tasq,1,651,6892,0
tasq,1,652,8425,0
tasq,1,653,18025,0
tasq,1,654,11782,0
tasq,1,655,15037,0
tasq,1,656,24644,0
tasq,1,657,23392,0
tasq,1,658,806,0
tasq,1,659,1354,0
tasq,1,660,3053,0
tasq,1,661,29033,0
tasq,1,662,25425,0
tasq,1,663,2515,0
tasq,1,664,32768,1
tasq,1,665,26794,0
tasq,1,666,28636,0
tasq,1,667,25499,0
tasq,1,668,14170,0
tasq,1,669,14161,0
tasq,1,670,32768,1
tasq,1,671,20165,0
tasq,1,672,19359,0
tasq,1,673,25567,0
tasq,1,674,15248,0
tasq,1,675,15956,0
tasq,1,676,17470,0
tasq,1,677,7824,0
tasq,1,678,4310,0
tasq,1,679,18792,0
tasq,1,680,15145,0
tasq,1,681,3060,0
tasq,1,682,8790,0
tasq,1,683,2199,0
tasq,1,684,5931,0
tasq,1,685,11092,0
tasq,1,686,17689,0
tasq,1,687,1684,0
tasq,1,688,8429,0
tasq,1,689,11141,0
tasq,1,690,13585,0
tasq,1,691,10170,0
tasq,1,692,15402,0
tasq,1,693,4477,0
tasq,1,694,16643,0
tasq,1,695,4780,0
tasq,1,696,1425,0
tasq,1,697,14933,0
tasq,1,698,13646,0
tasq,1,699,8221,0
tasq,1,700,13282,0
tasq,1,701,12998,0
tasq,1,702,1729,0
tasq,1,703,9782,0
tasq,1,704,11070,0
tasq,1,705,7917,0
tasq,1,706,8799,0
tasq,1,707,4601,0
tasq,1,708,11605,0
tasq,1,709,1488,0
tasq,1,710,22196,0
tasq,1,711,13875,0
tasq,1,712,12969,0
tasq,1,713,6302,0
tasq,1,714,27966,0
tasq,1,715,2406,0
tasq,1,716,14231,0
tasq,1,717,26062,0
tasq,1,718,755,0
tasq,1,719,14832,0
tasq,1,720,23100,0
tasq,1,721,6447,0
tasq,1,722,13565,0
tasq,1,723,3412,0
tasq,1,724,19201,0
tasq,1,725,25222,0
tasq,1,726,19766,0
tasq,1,727,13203,0
tasq,1,728,11503,0
tasq,1,729,32768,1
tasq,1,730,2786,0
tasq,1,731,17096,0
tasq,1,732,23227,0
tasq,1,733,15482,0
tasq,1,734,10730,0
tasq,1,735,5552,0
tasq,1,736,2098,0
tasq,1,737,12089,0
tasq,1,738,32768,1
tasq,1,739,11125,0
tasq,1,740,12859,0
tasq,1,741,21777,0
tasq,1,742,11676,0
tasq,1,743,5756,0
tasq,1,744,32768,1
tasq,1,745,15285,0
tasq,1,746,2795,0
tasq,1,747,3334,0
tasq,1,748,4842,0
tasq,1,749,7898,0
tasq,1,750,13293,0
tasq,1,751,14150,0
tasq,1,752,31300,0
tasq,1,753,19077,0
tasq,1,754,2070,0
tasq,1,755,32768,1
tasq,1,756,17537,0
tasq,1,757,14099,0
tasq,1,758,32768,1
tasq,1,759,3347,0
tasq,1,760,21071,0
tasq,1,761,2326,0
tasq,1,762,6377,0
tasq,1,763,19148,0
tasq,1,764,5143,0
tasq,1,765,11578,0
tasq,1,766,14714,0
tasq,1,767,8300,0
tasq,1,768,5929,0
tasq,1,769,9206,0
tasq,1,770,16614,0
tasq,1,771,20987,0
tasq,1,772,8978,0
tasq,1,773,10475,0
tasq,1,774,3587,0
tasq,1,775,30407,0
tasq,1,776,5973,0
tasq,1,777,10541,0
tasq,1,778,2653,0
tasq,1,779,17515,0
tasq,1,780,11924,0
tasq,1,781,4124,0
tasq,1,782,18498,0
tasq,1,783,15119,0
tasq,1,784,6193,0
tasq,1,785,32768,1
tasq,1,786,6551,0
tasq,1,787,14162,0
tasq,1,788,16253,0
tasq,1,789,31245,0
tasq,1,790,7946,0
tasq,1,791,8984,0
tasq,1,792,8487,0
tasq,1,793,32768,1
tasq,1,794,10408,0
tasq,1,795,10169,0
tasq,1,796,25272,0
tasq,1,797,20930,0
tasq,1,798,24562,0
tasq,1,799,21669,0
tasq,1,800,12379,0
tasq,1,801,32768,1
tasq,1,802,27630,0
tasq,1,803,16376,0
tasq,1,804,14379,0
tasq,1,805,13996,0
tasq,1,806,20920,0
tasq,1,807,31153,0
tasq,1,808,23311,0
tasq,1,809,32768,1
tasq,1,810,22663,0
tasq,1,811,15285,0
tasq,1,812,13639,0
tasq,1,813,32768,1
tasq,1,814,18603,0
tasq,1,815,28864,0
tasq,1,816,24162,0
tasq,1,817,21736,0
tasq,1,818,10391,0
tasq,1,819,14234,0
tasq,1,820,10173,0
tasq,1,821,10948,0
tasq,1,822,11784,0
tasq,1,823,18462,0
tasq,1,824,7028,0
tasq,1,825,7871,0
tasq,1,826,17145,0
tasq,1,827,1200,0
tasq,1,828,7192,0
tasq,1,829,15317,0
tasq,1,830,6145,0
tasq,1,831,19837,0
tasq,1,832,15769,0
tasq,1,833,11304,0
tasq,1,834,8147,0
tasq,1,835,14353,0
tasq,1,836,5246,0
tasq,1,837,13488,0
tasq,1,838,10199,0
tasq,1,839,10025,0
tasq,1,840,15152,0
tasq,1,841,13309,0
tasq,1,842,11585,0
tasq,1,843,6292,0
tasq,1,844,3060,0
tasq,1,845,15001,0
tasq,1,846,4948,0
tasq,1,847,10424,0
tasq,1,848,21201,0
tasq,1,849,15921,0
tasq,1,850,4415,0
tasq,1,851,11236,0
tasq,1,852,4076,0
tasq,1,853,11521,0
tasq,1,854,9215,0
tasq,1,855,13173,0
tasq,1,856,7028,0
tasq,1,857,32768,1
tasq,1,858,28265,0
tasq,1,859,7084,0
tasq,1,860,14409,0
tasq,1,861,14193,0
tasq,1,862,13848,0
tasq,1,863,5056,0
tasq,1,864,8489,0
tasq,1,865,17071,0
tasq,1,866,9051,0
tasq,1,867,16899,0
tasq,1,868,9461,0
tasq,1,869,1182,0
tasq,1,870,7307,0
tasq,1,871,13441,0
tasq,1,872,15098,0
tasq,1,873,12293,0
tasq,1,874,10189,0
tasq,1,875,12999,0
tasq,1,876,11823,0
tasq,1,877,7175,0
tasq,1,878,17542,0
tasq,1,879,15499,0
tasq,1,880,1975,0
tasq,1,881,32768,1
tasq,1,882,706,0
tasq,1,883,24792,0
tasq,1,884,32768,1
tasq,1,885,1450,0
tasq,1,886,24236,0
tasq,1,887,10009,0
tasq,1,888,492,0
tasq,1,889,23082,0
tasq,1,890,11860,0
tasq,1,891,32768,1
tasq,1,892,3822,0
tasq,1,893,547,0
tasq,1,894,19082,0
tasq,1,895,20724,0
tasq,1,896,20911,0
tasq,1,897,23068,0
tasq,1,898,20105,0
tasq,1,899,5533,0
tasq,1,900,4088,0
tasq,1,901,17748,0
tasq,1,902,23070,0
tasq,1,903,9685,0
tasq,1,904,32768,1
tasq,1,905,19674,0
tasq,1,906,783,0
tasq,1,907,15457,0
tasq,1,908,20890,0
tasq,1,909,3775,0
tasq,1,910,1442,0
tasq,1,911,16498,0
tasq,1,912,5027,0
tasq,1,913,6761,0
tasq,1,914,26309,0
tasq,1,915,7551,0
tasq,1,916,1817,0
tasq,1,917,17486,0
tasq,1,918,17060,0
tasq,1,919,7817,0
tasq,1,920,6036,0
tasq,1,921,28761,0
tasq,1,922,606,0
tasq,1,923,21515,0
tasq,1,924,1124,0
tasq,1,925,19882,0
tasq,1,926,9562,0
tasq,1,927,26889,0
tasq,1,928,6093,0
tasq,1,929,15401,0
tasq,1,930,11806,0
tasq,1,931,3467,0
tasq,1,932,15281,0
tasq,1,933,17608,0
tasq,1,934,25543,0
tasq,1,935,15844,0
tasq,1,936,4067,0
tasq,1,937,17091,0
tasq,1,938,6905,0
tasq,1,939,3826,0
tasq,1,940,10455,0
tasq,1,941,16509,0
tasq,1,942,11911,0
tasq,1,943,32768,1
tasq,1,944,18166,0
tasq,1,945,657,0
tasq,1,946,8658,0
tasq,1,947,22065,0
tasq,1,948,4441,0
tasq,1,949,32768,1
tasq,1,950,8291,0
tasq,1,951,5835,0
tasq,1,952,15916,0
tasq,1,953,28289,0
tasq,1,954,18797,0
tasq,1,955,4619,0
tasq,1,956,7535,0
tasq,1,957,24022,0
tasq,1,958,4760,0
tasq,1,959,11382,0
tasq,1,960,24945,0
tasq,1,961,996,0
tasq,1,962,7185,0
tasq,1,963,12170,0
tasq,1,964,32768,1
tasq,1,965,27438,0
tasq,1,966,13269,0
tasq,1,967,26377,0
tasq,1,968,21836,0
tasq,1,969,16190,0
tasq,1,970,23511,0
tasq,1,971,20329,0
tasq,1,972,11552,0
tasq,1,973,32768,1
tasq,1,974,14105,0
tasq,1,975,32768,1
tasq,1,976,22187,0
tasq,1,977,22835,0
tasq,1,978,14107,0
tasq,1,979,32768,1
tasq,1,980,17980,0
tasq,1,981,25188,0
tasq,1,982,17105,0
tasq,1,983,28286,0
tasq,1,984,24312,0
tasq,1,985,18686,0
tasq,1,986,28466,0
tasq,1,987,24904,0
tasq,1,988,27111,0
tasq,1,989,17290,0
tasq,1,990,13049,0
tasq,1,991,21268,0
tasq,1,992,6468,0
tasq,1,993,12707,0
tasq,1,994,12679,0
tasq,1,995,13052,0
tasq,1,996,3409,0
tasq,1,997,16878,0
tasq,1,998,13975,0
tasq,1,999,18056,0
tasq,1,1000,4105,0
tasq,1,1001,12165,0
tasq,1,1002,22424,0
tasq,1,1003,3264,0
tasq,1,1004,16655,0
tasq,1,1005,12816,0
tasq,1,1006,9976,0
tasq,1,1007,7319,0
tasq,1,1008,18687,0
tasq,1,1009,10632,0
tasq,1,1010,4966,0
tasq,1,1011,11880,0
tasq,1,1012,18149,0
tasq,1,1013,20379,0
tasq,1,1014,3169,0
tasq,1,1015,9878,0
tasq,1,1016,14677,0
tasq,1,1017,5447,0
tasq,1,1018,14800,0
tasq,1,1019,18387,0
tasq,1,1020,18261,0
tasq,1,1021,16025,0
tasq,1,1022,13006,0
tasq,1,1023,16681,0
tasq,1,1024,10174,0
tasq,1,1025,12128,0
tasq,1,1026,14509,0
tasq,1,1027,10483,0
tasq,1,1028,1907,0
tasq,1,1029,5725,0
tasq,1,1030,20516,0
tasq,1,1031,13636,0
tasq,1,1032,18973,0
tasq,1,1033,8007,0
tasq,1,1034,11474,0
tasq,1,1035,4920,0
tasq,1,1036,14244,0
tasq,1,1037,1694,0
tasq,1,1038,14667,0
tasq,1,1039,11249,0
tasq,1,1040,3627,0
tasq,1,1041,19953,0
tasq,1,1042,9653,0
tasq,1,1043,3439,0
tasq,1,1044,6872,0
tasq,1,1045,13581,0
tasq,1,1046,1454,0
tasq,1,1047,6488,0
tasq,1,1048,16674,0
tasq,1,1049,24038,0
tasq,1,1050,4961,0
tasq,1,1051,15735,0
tasq,1,1052,1437,0
tasq,1,1053,16916,0
tasq,1,1054,14502,0
tasq,2,0,3564,0
tasq,2,1,4279,0
tasq,2,2,6159,0
tasq,2,3,15693,0
tasq,2,4,17832,0
tasq,2,5,9372,0
tasq,2,6,10241,0
tasq,2,7,14194,0
tasq,2,8,8847,0
tasq,2,9,1902,0
tasq,2,10,5043,0
tasq,2,11,7553,0
tasq,2,12,2699,0
tasq,2,13,5964,0
tasq,2,14,2623,0
tasq,2,15,9196,0
tasq,2,16,5118,0
tasq,2,17,6940,0
tasq,2,18,9379,0
tasq,2,19,5632,0
tasq,2,20,4298,0
tasq,2,21,5638,0
tasq,2,22,3505,0
tasq,2,23,3538,0
tasq,2,24,7223,0
tasq,2,25,7740,0
tasq,2,26,21143,0
tasq,2,27,3771,0
tasq,2,28,5710,0
tasq,2,29,2528,0
tasq,2,30,6839,0
tasq,2,31,1543,0
tasq,2,32,3406,0
tasq,2,33,4501,0
tasq,2,34,9831,0
tasq,2,35,10964,0
tasq,2,36,4279,0
tasq,2,37,10228,0
tasq,2,38,9040,0
tasq,2,39,4714,0
tasq,2,40,10038,0
tasq,2,41,10590,0
tasq,2,42,1156,0
tasq,2,43,2877,0
tasq,2,44,3157,0
tasq,2,45,7761,0
tasq,2,46,15207,0
tasq,2,47,18419,0
tasq,2,48,9083,0
tasq,2,49,5584,0
tasq,2,50,9759,0
tasq,2,51,9505,0
tasq,2,52,4835,0
tasq,2,53,4585,0
tasq,2,54,8961,0
tasq,2,55,7876,0
tasq,2,56,5695,0
tasq,2,57,5384,0
tasq,2,58,4323,0
tasq,2,59,542,0
tasq,2,60,10363,0
tasq,2,61,10525,0
tasq,2,62,11150,0
tasq,2,63,2157,0
tasq,2,64,16349,0
tasq,2,65,32768,1
tasq,2,66,14768,0
tasq,2,67,2887,0
tasq,2,68,5680,0
tasq,2,69,8194,0
tasq,2,70,10369,0
tasq,2,71,3594,0
tasq,2,72,14935,0
tasq,2,73,4493,0
tasq,2,74,9710,0
tasq,2,75,9730,0
tasq,2,76,1090,0
tasq,2,77,7398,0
tasq,2,78,6407,0
tasq,2,79,15823,0
tasq,2,80,9384,0
tasq,2,81,6122,0
tasq,2,82,6406,0
tasq,2,83,2631,0
tasq,2,84,2087,0
tasq,2,85,7417,0
tasq,2,86,2509,0
tasq,2,87,3388,0
tasq,2,88,8365,0
tasq,2,89,11846,0
tasq,2,90,9447,0
tasq,2,91,3370,0
tasq,2,92,32768,1
tasq,2,93,21986,0
tasq,2,94,16431,0
tasq,2,95,13853,0
tasq,2,96,11244,0
tasq,2,97,6655,0
tasq,2,98,8231,0
tasq,2,99,7455,0
tasq,2,100,15676,0
tasq,2,101,14569,0
tasq,2,102,1926,0
tasq,2,103,9393,0
tasq,2,104,8445,0
tasq,2,105,13350,0
tasq,2,106,1339,0
tasq,2,107,6057,0
tasq,2,108,7804,0
tasq,2,109,10415,0
tasq,2,110,7586,0
tasq,2,111,10921,0
tasq,2,112,6103,0
tasq,2,113,3642,0
tasq,2,114,28954,0
tasq,2,115,9536,0
tasq,2,116,1987,0
tasq,2,117,6729,0
tasq,2,118,16377,0
tasq,2,119,7896,0
tasq,2,120,1769,0
tasq,2,121,6058,0
tasq,2,122,4242,0
tasq,2,123,6186,0
tasq,2,124,15501,0
tasq,2,125,3638,0
tasq,2,126,8874,0
tasq,2,127,20199,0
tasq,2,128,3301,0
tasq,2,129,566,0
tasq,2,130,2838,0
tasq,2,131,10940,0
tasq,2,132,7899,0
tasq,2,133,9078,0
tasq,2,134,15723,0
tasq,2,135,1433,0
tasq,2,136,4170,0
tasq,2,137,9214,0
tasq,2,138,8543,0
tasq,2,139,5297,0
tasq,2,140,9151,0
tasq,2,141,16974,0
tasq,2,142,8381,0
tasq,2,143,2069,0
tasq,2,144,908,0
tasq,2,145,10811,0
tasq,2,146,16512,0
tasq,2,147,4609,0
tasq,2,148,2226,0
tasq,2,149,1725,0
tasq,2,150,11625,0
tasq,2,151,8983,0
tasq,2,152,8879,0
tasq,2,153,8896,0
tasq,2,154,10717,0
tasq,2,155,2147,0
tasq,2,156,7991,0
tasq,2,157,5843,0
tasq,2,158,7215,0
tasq,2,159,9332,0
tasq,2,160,3440,0
tasq,2,161,13053,0
tasq,2,162,13441,0
tasq,2,163,4202,0
tasq,2,164,2848,0
tasq,2,165,4327,0
tasq,2,166,1422,0
tasq,2,167,11073,0
tasq,2,168,12447,0
tasq,2,169,6001,0
tasq,2,170,5087,0
tasq,2,171,9497,0
tasq,2,172,6445,0
tasq,2,173,4789,0
tasq,2,174,10807,0
tasq,2,175,8881,0
tasq,2,176,17260,0
tasq,2,177,5933,0
tasq,2,178,15732,0
tasq,2,179,12133,0
tasq,2,180,10688,0
tasq,2,181,2319,0
tasq,2,182,851,0
tasq,2,183,871,0
tasq,2,184,8898,0
tasq,2,185,7267,0
tasq,2,186,8281,0
tasq,2,187,5902,0
tasq,2,188,2648,0
tasq,2,189,1050,0
tasq,2,190,4198,0
tasq,2,191,6703,0
tasq,2,192,18134,0
tasq,2,193,17481,0
tasq,2,194,19407,0
tasq,2,195,26675,0
tasq,2,196,5823,0
tasq,2,197,7806,0
tasq,2,198,3936,0
tasq,2,199,6242,0
tasq,2,200,14006,0
tasq,2,201,15595,0
tasq,2,202,4686,0
tasq,2,203,4003,0
tasq,2,204,32768,1
tasq,2,205,11526,0
tasq,2,206,20472,0
tasq,2,207,3131,0
tasq,2,208,9692,0
tasq,2,209,32768,1
tasq,2,210,10935,0
tasq,2,211,10222,0
tasq,2,212,5768,0
tasq,2,213,1223,0
tasq,2,214,7637,0
tasq,2,215,16735,0
tasq,2,216,7656,0
tasq,2,217,2245,0
tasq,2,218,2640,0
tasq,2,219,5352,0
tasq,2,220,14725,0
tasq,2,221,15727,0
tasq,2,222,957,0
tasq,2,223,3519,0
tasq,2,224,22874,0
tasq,2,225,32768,1
tasq,2,226,5656,0
tasq,2,227,2598,0
tasq,2,228,2698,0
tasq,2,229,8696,0
tasq,2,230,8114,0
tasq,2,231,27681,0
tasq,2,232,10233,0
tasq,2,233,2227,0
tasq,2,234,12256,0
tasq,2,235,8250,0
tasq,2,236,10806,0
tasq,2,237,18430,0
tasq,2,238,1610,0
tasq,2,239,8144,0
tasq,2,240,2553,0
tasq,2,241,16966,0
tasq,2,242,15491,0
tasq,2,243,16618,0
tasq,2,244,1524,0
tasq,2,245,2525,0
tasq,2,246,12410,0
tasq,2,247,17863,0
tasq,2,248,15089,0
tasq,2,249,220,0
tasq,2,250,8898,0
tasq,2,251,13448,0
tasq,2,252,8532,0
tasq,2,253,25173,0
tasq,2,254,21475,0
tasq,2,255,3976,0
tasq,2,256,7673,0
tasq,2,257,10283,0
tasq,2,258,10498,0
tasq,2,259,6531,0
tasq,2,260,11492,0
tasq,2,261,32768,1
tasq,2,262,10064,0
tasq,2,263,24924,0
tasq,2,264,968,0
tasq,2,265,3639,0
tasq,2,266,11402,0
tasq,2,267,19040,0
tasq,2,268,21623,0
tasq,2,269,14989,0
tasq,2,270,5298,0
tasq,2,271,19308,0
tasq,2,272,7521,0
tasq,2,273,13414,0
tasq,2,274,7744,0
tasq,2,275,5146,0
tasq,2,276,17128,0
tasq,2,277,8301,0
tasq,2,278,14259,0
tasq,2,279,721,0
tasq,2,280,4119,0
tasq,2,281,13701,0
tasq,2,282,7855,0
tasq,2,283,13353,0
tasq,2,284,3364,0
tasq,2,285,6786,0
tasq,2,286,9984,0
tasq,2,287,4694,0
tasq,2,288,27553,0
tasq,2,289,1118,0
tasq,2,290,2820,0
tasq,2,291,6741,0
tasq,2,292,14365,0
tasq,2,293,7661,0
tasq,2,294,3283,0
tasq,2,295,10578,0
tasq,2,296,8419,0
tasq,2,297,21356,0
tasq,2,298,15090,0
tasq,2,299,3290,0
tasq,2,300,2486,0
tasq,2,301,18602,0
tasq,2,302,16325,0
tasq,2,303,16108,0
tasq,2,304,11521,0
tasq,2,305,665,0
tasq,2,306,13976,0
tasq,2,307,32768,1
tasq,2,308,20473,0
tasq,2,309,16206,0
tasq,2,310,32768,1
tasq,2,311,952,0
tasq,2,312,3123,0
tasq,2,313,10475,0
tasq,2,314,20883,0
tasq,2,315,17730,0
tasq,2,316,2991,0
tasq,2,317,5372,0
tasq,2,318,4438,0
tasq,2,319,11979,0
tasq,2,320,16611,0
tasq,2,321,751,0
tasq,2,322,9255,0
tasq,2,323,12235,0
tasq,2,324,6102,0
tasq,2,325,9513,0
tasq,2,326,2903,0
tasq,2,327,1666,0
tasq,2,328,6196,0
tasq,2,329,10829,0
tasq,2,330,24745,0
tasq,2,331,12373,0
tasq,2,332,626,0
tasq,2,333,3890,0
tasq,2,334,8413,0
tasq,2,335,5984,0
tasq,2,336,18983,0
tasq,2,337,1415,0
tasq,2,338,5220,0
tasq,2,339,5602,0
tasq,2,340,23545,0
tasq,2,341,14240,0
tasq,2,342,1252,0
tasq,2,343,4086,0
tasq,2,344,12185,0
tasq,2,345,13565,0
tasq,2,346,181,0
tasq,2,347,5250,0
tasq,2,348,12587,0
tasq,2,349,14351,0
tasq,2,350,20203,0
tasq,2,351,530,0
tasq,2,352,8118,0
tasq,2,353,26761,0
tasq,2,354,4778,0
tasq,2,355,13091,0
tasq,2,356,1052,0
tasq,2,357,1339,0
tasq,2,358,11684,0
tasq,2,359,17004,0
tasq,2,360,737,0
tasq,2,361,2488,0
tasq,2,362,9803,0
tasq,2,363,21469,0
tasq,2,364,765,0
tasq,2,365,5861,0
tasq,2,366,6734,0
tasq,2,367,14609,0
tasq,2,368,10911,0
tasq,2,369,2039,0
tasq,2,370,2420,0
tasq,2,371,32768,1
tasq,2,372,21718,0
tasq,2,373,13982,0
tasq,2,374,11273,0
tasq,2,375,2226,0
tasq,2,376,11777,0
tasq,2,377,5212,0
tasq,2,378,12560,0
tasq,2,379,1643,0
tasq,2,380,2070,0
tasq,2,381,10186,0
tasq,2,382,12059,0
tasq,2,383,19878,0
tasq,2,384,1695,0
tasq,2,385,14860,0
tasq,2,386,15871,0
tasq,2,387,5218,0
tasq,2,388,20437,0
tasq,2,389,32768,1
tasq,2,390,5261,0
tasq,2,391,4593,0
tasq,2,392,10618,0
tasq,2,393,15795,0
tasq,2,394,24480,0
tasq,2,395,6921,0
tasq,2,396,3366,0
tasq,2,397,7121,0
tasq,2,398,6039,0
tasq,2,399,20672,0
tasq,2,400,9265,0
tasq,2,401,4363,0
tasq,2,402,5453,0
tasq,2,403,6138,0
tasq,2,404,9614,0
tasq,2,405,13153,0
tasq,2,406,4748,0
tasq,2,407,32768,1
tasq,2,408,11284,0
tasq,2,409,12717,0
tasq,2,410,692,0
tasq,2,411,5745,0
tasq,2,412,32768,1
tasq,2,413,2583,0
tasq,2,414,19192,0
tasq,2,415,2066,0
tasq,2,416,2848,0
tasq,2,417,2626,0
tasq,2,418,1021,0
tasq,2,419,32768,1
tasq,2,420,13352,0
tasq,2,421,11322,0
tasq,2,422,1362,0
tasq,2,423,3236,0
tasq,2,424,18434,0
tasq,2,425,27143,0
tasq,2,426,2601,0
tasq,2,427,9226,0
tasq,2,428,3129,0
tasq,2,429,17247,0
tasq,2,430,7812,0
tasq,2,431,2255,0
tasq,2,432,1905,0
tasq,2,433,10240,0
tasq,2,434,6689,0
tasq,2,435,4948,0
tasq,2,436,18378,0
tasq,2,437,32768,1
tasq,2,438,4339,0
tasq,2,439,4993,0
tasq,2,440,5169,0
tasq,2,441,9769,0
tasq,2,442,7592,0
tasq,2,443,8298,0
tasq,2,444,966,0
tasq,2,445,11594,0
tasq,2,446,10564,0
tasq,2,447,1655,0
tasq,2,448,3982,0
tasq,2,449,8760,0
tasq,2,450,8959,0
tasq,2,451,24147,0
tasq,2,452,19648,0
tasq,2,453,3318,0
tasq,2,454,32768,1
tasq,2,455,1855,0
tasq,2,456,12542,0
tasq,2,457,1984,0
tasq,2,458,6277,0
tasq,2,459,8574,0
tasq,2,460,24417,0
tasq,2,461,2657,0
tasq,2,462,1674,0
tasq,2,463,12873,0
tasq,2,464,17964,0
tasq,2,465,3922,0
tasq,2,466,4618,0
tasq,2,467,8464,0
tasq,2,468,15794,0
tasq,2,469,796,0
tasq,2,470,3352,0
tasq,2,471,16315,0
tasq,2,472,4298,0
tasq,2,473,9759,0
tasq,2,474,23209,0
tasq,2,475,8205,0
tasq,2,476,3836,0
tasq,2,477,7571,0
tasq,2,478,11370,0
tasq,2,479,1555,0
tasq,2,480,10886,0
tasq,2,481,11703,0
tasq,2,482,8977,0
tasq,2,483,4490,0
tasq,2,484,5126,0
tasq,2,485,22624,0
tasq,2,486,906,0
tasq,2,487,12147,0
tasq,2,488,1396,0
tasq,2,489,2881,0
tasq,2,490,11749,0
tasq,2,491,9826,0
tasq,2,492,4223,0
tasq,2,493,3705,0
tasq,2,494,7399,0
tasq,2,495,14497,0
tasq,2,496,6277,0
tasq,2,497,3761,0
tasq,2,498,13187,0
tasq,2,499,1389,0
tasq,2,500,6533,0
tasq,2,501,1394,0
tasq,2,502,4854,0
tasq,2,503,10050,0
tasq,2,504,2364,0
tasq,2,505,3883,0
tasq,2,506,16476,0
tasq,2,507,9867,0
tasq,2,508,18667,0
tasq,2,509,2320,0
tasq,2,510,2318,0
tasq,2,511,2566,0
tasq,2,512,6944,0
tasq,2,513,21815,0
tasq,2,514,4672,0
tasq,2,515,2538,0
tasq,2,516,11132,0
tasq,2,517,2787,0
tasq,2,518,10780,0
tasq,2,519,3408,0
tasq,2,520,16940,0
tasq,2,521,24221,0
tasq,2,522,3860,0
tasq,2,523,5183,0
tasq,2,524,6600,0
tasq,2,525,277,0
tasq,2,526,24038,0
tasq,2,527,4725,0
tasq,2,528,23092,0
tasq,2,529,597,0
tasq,2,530,14400,0
tasq,2,531,15068,0
tasq,2,532,7678,0
tasq,2,533,18150,0
tasq,2,534,686,0
tasq,2,535,19560,0
tasq,2,536,11098,0
tasq,2,537,1976,0
tasq,2,538,1330,0
tasq,2,539,29766,0
tasq,2,540,7124,0
tasq,2,541,5979,0
tasq,2,542,8028,0
tasq,2,543,14967,0
tasq,2,544,11749,0
tasq,2,545,1526,0
tasq,2,546,4174,0
tasq,2,547,1414,0
tasq,2,548,21207,0
tasq,2,549,8576,0
tasq,2,550,11915,0
tasq,2,551,21321,0
tasq,2,552,25915,0
tasq,2,553,2697,0
tasq,2,554,25041,0
tasq,2,555,32768,1
tasq,2,556,9271,0
tasq,2,557,22986,0
tasq,2,558,7568,0
tasq,2,559,1350,0
tasq,2,560,1191,0
tasq,2,561,9948,0
tasq,2,562,10485,0
tasq,2,563,9193,0
tasq,2,564,1590,0
tasq,2,565,4809,0
tasq,2,566,5595,0
tasq,2,567,3614,0
tasq,2,568,7726,0
tasq,2,569,10405,0
tasq,2,570,8208,0
tasq,2,571,10061,0
tasq,2,572,12865,0
tasq,2,573,2913,0
tasq,2,574,3328,0
tasq,2,575,18982,0
tasq,2,576,7302,0
tasq,2,577,10286,0
tasq,2,578,10831,0
tasq,2,579,3944,0
tasq,2,580,3851,0
tasq,2,581,12850,0
tasq,2,582,10142,0
tasq,2,583,6179,0
tasq,2,584,10940,0
tasq,2,585,5722,0
tasq,2,586,6818,0
tasq,2,587,20004,0
tasq,2,588,5177,0
tasq,2,589,4241,0
tasq,2,590,4630,0
tasq,2,591,17692,0
tasq,2,592,14994,0
tasq,2,593,6259,0
tasq,2,594,13833,0
tasq,2,595,1436,0
tasq,2,596,12683,0
tasq,2,597,2793,0
tasq,2,598,8864,0
tasq,2,599,13177,0
tasq,2,600,2948,0
tasq,2,601,7645,0
tasq,2,602,22229,0
tasq,2,603,4423,0
tasq,2,604,20511,0
tasq,2,605,10904,0
tasq,2,606,4606,0
tasq,2,607,18073,0
tasq,2,608,14212,0
tasq,2,609,3696,0
tasq,2,610,4267,0
tasq,2,611,18073,0
tasq,2,612,32768,1
tasq,2,613,13528,0
tasq,2,614,19097,0
tasq,2,615,25650,0
tasq,2,616,5074,0
tasq,2,617,8862,0
tasq,2,618,21586,0
tasq,2,619,21592,0
tasq,2,620,9664,0
tasq,2,621,4562,0
tasq,2,622,14759,0
tasq,2,623,7712,0
tasq,2,624,22482,0
tasq,2,625,7434,0
tasq,2,626,15374,0
tasq,2,627,1419,0
tasq,2,628,9456,0
tasq,2,629,13133,0
tasq,2,630,11513,0
tasq,2,631,24534,0
tasq,2,632,32768,1
tasq,2,633,6711,0
tasq,2,634,28556,0
tasq,2,635,3489,0
tasq,2,636,3377,0
tasq,2,637,10161,0
tasq,2,638,32768,1
tasq,2,639,970,0
tasq,2,640,32768,1
tasq,2,641,11206,0
tasq,2,642,23354,0
tasq,2,643,11197,0
tasq,2,644,5588,0
tasq,2,645,20501,0
tasq,2,646,2707,0
tasq,2,647,6052,0
tasq,2,648,26858,0
tasq,2,649,21009,0
tasq,2,650,19173,0
tasq,2,651,7800,0
tasq,2,652,5590,0
tasq,2,653,10339,0
tasq,2,654,7642,0
tasq,2,655,17428,0
tasq,2,656,19007,0
tasq,2,657,19750,0
tasq,2,658,559,0
tasq,2,659,2012,0
tasq,2,660,2864,0
tasq,2,661,20449,0
tasq,2,662,16341,0
tasq,2,663,5136,0
tasq,2,664,27606,0
tasq,2,665,21548,0
tasq,2,666,25186,0
tasq,2,667,32768,1
tasq,2,668,23846,0
tasq,2,669,14798,0
tasq,2,670,23780,0
tasq,2,671,15492,0
tasq,2,672,32768,1
tasq,2,673,20212,0
tasq,2,674,32768,1
tasq,2,675,22685,0
tasq,2,676,32768,1
tasq,2,677,16610,0
tasq,2,678,3105,0
tasq,2,679,11829,0
tasq,2,680,16731,0
tasq,2,681,4132,0
tasq,2,682,8270,0
tasq,2,683,3105,0
tasq,2,684,7428,0
tasq,2,685,8684,0
tasq,2,686,15021,0
tasq,2,687,2272,0
tasq,2,688,10409,0
tasq,2,689,14401,0
tasq,2,690,15480,0
tasq,2,691,21852,0
tasq,2,692,10484,0
tasq,2,693,4780,0
tasq,2,694,10168,0
tasq,2,695,5476,0
tasq,2,696,2964,0
tasq,2,697,14986,0
tasq,2,698,9049,0
tasq,2,699,10618,0
tasq,2,700,13498,0
tasq,2,701,14753,0
tasq,2,702,1779,0
tasq,2,703,7345,0
tasq,2,704,10332,0
tasq,2,705,7465,0
tasq,2,706,7449,0
tasq,2,707,3838,0
tasq,2,708,8007,0
tasq,2,709,1285,0
tasq,2,710,7027,0
tasq,2,711,14891,0
tasq,2,712,10847,0
tasq,2,713,7988,0
tasq,2,714,11750,0
tasq,2,715,2711,0
tasq,2,716,10203,0
tasq,2,717,26370,0
tasq,2,718,551,0
tasq,2,719,32768,1
tasq,2,720,13922,0
tasq,2,721,9203,0
tasq,2,722,18119,0
tasq,2,723,6199,0
tasq,2,724,9801,0
tasq,2,725,23117,0
tasq,2,726,21771,0
tasq,2,727,13201,0
tasq,2,728,13636,0
tasq,2,729,32768,1
tasq,2,730,4508,0
tasq,2,731,12574,0
tasq,2,732,20408,0
tasq,2,733,16835,0
tasq,2,734,6195,0
tasq,2,735,5809,0
tasq,2,736,2311,0
tasq,2,737,14001,0
tasq,2,738,21322,0
tasq,2,739,32768,1
tasq,2,740,10332,0
tasq,2,741,20833,0
tasq,2,742,11199,0
tasq,2,743,5596,0
tasq,2,744,24837,0
tasq,2,745,18187,0
tasq,2,746,2283,0
tasq,2,747,4052,0
tasq,2,748,11704,0
tasq,2,749,14164,0
tasq,2,750,32768,1
tasq,2,751,19296,0
tasq,2,752,24738,0
tasq,2,753,22809,0
tasq,2,754,1433,0
tasq,2,755,17879,0
tasq,2,756,12333,0
tasq,2,757,18048,0
tasq,2,758,20565,0
tasq,2,759,4943,0
tasq,2,760,25638,0
tasq,2,761,2684,0
tasq,2,762,5641,0
tasq,2,763,25733,0
tasq,2,764,6138,0
tasq,2,765,12881,0
tasq,2,766,32768,1
tasq,2,767,8764,0
tasq,2,768,4102,0
tasq,2,769,5695,0
tasq,2,770,19120,0
tasq,2,771,32768,1
tasq,2,772,32768,1
tasq,2,773,9392,0
tasq,2,774,3182,0
tasq,2,775,27699,0
tasq,2,776,14802,0
tasq,2,777,11925,0
tasq,2,778,3628,0
tasq,2,779,18209,0
tasq,2,780,16468,0
tasq,2,781,3352,0
tasq,2,782,27443,0
tasq,2,783,22484,0
tasq,2,784,7005,0
tasq,2,785,32768,1
tasq,2,786,4536,0
tasq,2,787,16587,0
tasq,2,788,32768,1
tasq,2,789,19777,0
tasq,2,790,7561,0
tasq,2,791,13853,0
tasq,2,792,10238,0
tasq,2,793,23313,0
tasq,2,794,10699,0
tasq,2,795,4240,0
tasq,2,796,18473,0
tasq,2,797,20060,0
tasq,2,798,20231,0
tasq,2,799,16566,0
tasq,2,800,12384,0
tasq,2,801,20978,0
tasq,2,802,18292,0
tasq,2,803,21490,0
tasq,2,804,17793,0
tasq,2,805,16327,0
tasq,2,806,23831,0
tasq,2,807,16751,0
tasq,2,808,27845,0
tasq,2,809,24877,0
tasq,2,810,11361,0
tasq,2,811,16456,0
tasq,2,812,9123,0
tasq,2,813,27277,0
tasq,2,814,13370,0
tasq,2,815,32768,1
tasq,2,816,21437,0
tasq,2,817,20362,0
tasq,2,818,5360,0
tasq,2,819,10446,0
tasq,2,820,15068,0
tasq,2,821,7334,0
tasq,2,822,12412,0
tasq,2,823,14123,0
tasq,2,824,5253,0
tasq,2,825,6850,0
tasq,2,826,18513,0
tasq,2,827,1065,0
tasq,2,828,9172,0
tasq,2,829,12060,0
tasq,2,830,6268,0
tasq,2,831,11851,0
tasq,2,832,24110,0
tasq,2,833,10442,0
tasq,2,834,15088,0
tasq,2,835,17339,0
tasq,2,836,4709,0
tasq,2,837,11714,0
tasq,2,838,23023,0
tasq,2,839,20853,0
tasq,2,840,17533,0
tasq,2,841,9307,0
tasq,2,842,10366,0
tasq,2,843,9621,0
tasq,2,844,3244,0
tasq,2,845,18903,0
tasq,2,846,5959,0
tasq,2,847,18665,0
tasq,2,848,18692,0
tasq,2,849,12980,0
tasq,2,850,3385,0
tasq,2,851,5344,0
tasq,2,852,5158,0
tasq,2,853,9733,0
tasq,2,854,14032,0
tasq,2,855,9096,0
tasq,2,856,7445,0
tasq,2,857,12844,0
tasq,2,858,11198,0
tasq,2,859,6424,0
tasq,2,860,19693,0
tasq,2,861,15184,0
tasq,2,862,14947,0
tasq,2,863,4094,0
tasq,2,864,7009,0
tasq,2,865,12509,0
tasq,2,866,17570,0
tasq,2,867,16355,0
tasq,2,868,9486,0
tasq,2,869,1589,0
tasq,2,870,6064,0
tasq,2,871,18708,0
tasq,2,872,23824,0
tasq,2,873,8647,0
tasq,2,874,8388,0
tasq,2,875,15631,0
tasq,2,876,13808,0
tasq,2,877,9802,0
tasq,2,878,15304,0
tasq,2,879,11057,0
tasq,2,880,2814,0
tasq,2,881,32768,1
tasq,2,882,635,0
tasq,2,883,32768,1
tasq,2,884,32768,1
tasq,2,885,1544,0
tasq,2,886,29593,0
tasq,2,887,9511,0
tasq,2,888,464,0
tasq,2,889,19541,0
tasq,2,890,13476,0
tasq,2,891,32768,1
tasq,2,892,5171,0
tasq,2,893,552,0
tasq,2,894,18969,0
tasq,2,895,13833,0
tasq,2,896,32768,1
tasq,2,897,15534,0
tasq,2,898,22799,0
tasq,2,899,2574,0
tasq,2,900,5009,0
tasq,2,901,14457,0
tasq,2,902,30483,0
tasq,2,903,9493,0
tasq,2,904,18608,0
tasq,2,905,18218,0
tasq,2,906,692,0
tasq,2,907,13074,0
tasq,2,908,32768,1
tasq,2,909,4125,0
tasq,2,910,2742,0
tasq,2,911,16579,0
tasq,2,912,12229,0
tasq,2,913,12295,0
tasq,2,914,26455,0
tasq,2,915,9237,0
tasq,2,916,1607,0
tasq,2,917,15281,0
tasq,2,918,15840,0
tasq,2,919,6955,0
tasq,2,920,5380,0
tasq,2,921,24131,0
tasq,2,922,587,0
tasq,2,923,18050,0
tasq,2,924,2422,0
tasq,2,925,12066,0
tasq,2,926,8599,0
tasq,2,927,25838,0
tasq,2,928,4650,0
tasq,2,929,12029,0
tasq,2,930,7804,0
tasq,2,931,879,0
tasq,2,932,10022,0
tasq,2,933,32768,1
tasq,2,934,17577,0
tasq,2,935,16459,0
tasq,2,936,4352,0
tasq,2,937,19208,0
tasq,2,938,9794,0
tasq,2,939,3785,0
tasq,2,940,9627,0
tasq,2,941,19957,0
tasq,2,942,10866,0
tasq,2,943,25961,0
tasq,2,944,32768,1
tasq,2,945,617,0
tasq,2,946,12091,0
tasq,2,947,16961,0
tasq,2,948,4458,0
tasq,2,949,19190,0
tasq,2,950,5479,0
tasq,2,951,5051,0
tasq,2,952,22255,0
tasq,2,953,22613,0
tasq,2,954,32768,1
tasq,2,955,3762,0
tasq,2,956,4923,0
tasq,2,957,32768,1
tasq,2,958,5390,0
tasq,2,959,15285,0
tasq,2,960,20759,0
tasq,2,961,804,0
tasq,2,962,7093,0
tasq,2,963,12861,0
tasq,2,964,19228,0
tasq,2,965,32768,1
tasq,2,966,32768,1
tasq,2,967,32768,1
tasq,2,968,18280,0
tasq,2,969,19761,0
tasq,2,970,29825,0
tasq,2,971,18101,0
tasq,2,972,9681,0
tasq,2,973,18224,0
tasq,2,974,19163,0
tasq,2,975,23622,0
tasq,2,976,17132,0
tasq,2,977,21872,0
tasq,2,978,30754,0
tasq,2,979,24195,0
tasq,2,980,15696,0
tasq,2,981,19042,0
tasq,2,982,15605,0
tasq,2,983,31499,0
tasq,2,984,30221,0
tasq,2,985,24970,0
tasq,2,986,20010,0
tasq,2,987,14985,0
tasq,2,988,26580,0
tasq,2,989,14258,0
tasq,2,990,19376,0
tasq,2,991,28360,0
tasq,2,992,8130,0
tasq,2,993,12269,0
tasq,2,994,17880,0
tasq,2,995,13110,0
tasq,2,996,4284,0
tasq,2,997,14536,0
tasq,2,998,11968,0
tasq,2,999,11878,0
tasq,2,1000,3792,0
tasq,2,1001,12814,0
tasq,2,1002,14699,0
tasq,2,1003,3612,0
tasq,2,1004,16627,0
tasq,2,1005,12857,0
tasq,2,1006,6844,0
tasq,2,1007,9777,0
tasq,2,1008,31034,0
tasq,2,1009,11693,0
tasq,2,1010,3997,0
tasq,2,1011,8979,0
tasq,2,1012,17241,0
tasq,2,1013,16806,0
tasq,2,1014,3978,0
tasq,2,1015,9843,0
tasq,2,1016,12187,0
tasq,2,1017,7461,0
tasq,2,1018,13193,0
tasq,2,1019,18658,0
tasq,2,1020,32768,1
tasq,2,1021,17792,0
tasq,2,1022,12886,0
tasq,2,1023,14162,0
tasq,2,1024,18203,0
tasq,2,1025,7789,0
tasq,2,1026,12669,0
tasq,2,1027,15155,0
tasq,2,1028,2371,0
tasq,2,1029,7034,0
tasq,2,1030,17854,0
tasq,2,1031,14111,0
tasq,2,1032,18379,0
tasq,2,1033,7739,0
tasq,2,1034,12241,0
tasq,2,1035,4836,0
tasq,2,1036,13367,0
tasq,2,1037,1337,0
tasq,2,1038,14930,0
tasq,2,1039,11877,0
tasq,2,1040,3753,0
tasq,2,1041,23259,0
tasq,2,1042,13323,0
tasq,2,1043,4644,0
tasq,2,1044,10337,0
tasq,2,1045,13825,0
tasq,2,1046,2591,0
tasq,2,1047,8048,0
tasq,2,1048,17888,0
tasq,2,1049,20939,0
tasq,2,1050,8072,0
tasq,2,1051,14233,0
tasq,2,1052,1604,0
tasq,2,1053,20005,0
tasq,2,1054,14683,0
